pressure_hPa,temperature_C,dewpoint_C,RH_percent,altitude_m,time_s
970.4006514993836,299.5675964355469,286.7842828913968,82.6568374633789,2.197401878803752,287.361161
970.3834579156251,299.5675964355469,286.7611916185785,82.62771606445312,2.2549149785669913,287.46114
970.4518696372246,299.5541687011719,286.74489925311093,82.6233139038086,2.3195232510256854,287.561213
970.3728649800813,299.5575256347656,286.75621076813815,82.63354237874348,2.3935277596335522,287.661473
970.4213400574207,299.5474548339844,286.75739537259227,82.6471455891927,2.47609484425152,287.761237
970.299315027424,299.5474548339844,286.76147625466996,82.6522928873698,2.5689501133199992,287.861359
970.3371583374003,299.5373840332031,286.74758608558966,82.64688364664714,2.6670017557182057,287.961169
970.3634598410925,299.5373840332031,286.77056398636944,82.67587025960286,2.7713798072385165,288.061159
970.3027237205611,299.5273030598958,286.7783549751912,82.69783020019531,2.8789256677812873,288.161163
970.3044690769717,299.52394612630206,286.7991153203172,82.72807312011719,2.9909995262265126,288.261298
970.2613005709676,299.5138651529948,286.7935568839064,82.73319244384766,3.104377749368423,288.361134
970.2342033500224,299.51050821940106,286.8066085680922,82.7537129720052,3.2202223967189387,288.46117
970.2858319845244,299.51050821940106,286.8066085680922,82.7537129720052,3.3403135179382044,288.561198
970.1601404494821,299.51050821940106,286.817395264016,82.767333984375,3.4679089709339785,288.661241
970.3160137801616,299.49708048502606,286.82005651851824,82.78687032063802,3.6054577390250273,288.761326
970.2138042579223,299.4937235514323,286.83672807510237,82.81197611490886,3.7441566692041137,288.861152
970.2369414126545,299.4870096842448,286.8431124220854,82.82813517252605,3.8794050450505106,288.961146
970.2604448688795,299.47693888346356,286.8637174886825,82.86632029215495,4.017429676710878,289.061272
970.2836867537201,299.4668680826823,286.8718086243718,82.88869730631511,4.159910473341849,289.161176
970.2248488154302,299.4735819498698,286.8918843331621,82.9059829711914,4.3068244391399695,289.261212
970.244254797592,299.4668680826823,286.9067296154195,82.932861328125,4.459442574608317,289.361189
970.2247740197182,299.46014404296875,286.94209212284,82.98572285970052,4.619739908300689,289.461189
970.165201607259,299.45343017578125,286.938841260226,82.98971811930339,4.78577522547313,289.561205
970.0783914470559,299.44671630859375,286.9622263634327,83.02743275960286,4.956060146374162,289.661225
970.155792415401,299.44671630859375,286.9622263634327,83.02743275960286,5.133180543561936,289.761266
970.0994313167872,299.443359375,286.9726031619074,83.0446294148763,5.317274411533679,289.861326
970.1079463002873,299.43328857421875,286.97807435059804,83.06373341878255,5.499431395893719,289.961166
970.1107007629778,299.44000244140625,287.00920122860583,83.0950444539388,5.6834764142577034,290.061215
970.1264355393614,299.4232177734375,287.0181551316156,83.12669626871745,5.869415315245805,290.161147
970.0956317290146,299.41986083984375,287.03022697281386,83.14605967203777,6.052635738176669,290.261157
970.1390031572813,299.41314697265625,287.0555186845896,83.18625386555989,6.233761080020169,290.361128
970.0830188406992,299.4097900390625,287.0660632920873,83.20369211832683,6.416498473852115,290.461205
970.0266680120013,299.40643310546875,287.07893694936786,83.22408803304036,6.597440524627777,290.561141
970.0003547751694,299.39971923828125,287.08010620745443,83.23370615641277,6.780960488281026,290.661199
969.98257615723,299.403076171875,287.1029046477098,83.25856526692708,6.966153873329422,290.761331
969.9858220650292,299.403076171875,287.12942685280785,83.29222615559895,7.150988396274598,290.86119
969.9886387394695,299.403076171875,287.12942685280785,83.29222615559895,7.336071355120776,290.961196
969.899630475251,299.39971923828125,287.1293875314868,83.29624684651692,7.519654684493639,291.061152
969.9548239798978,299.3963623046875,287.14219219517565,83.31657409667969,7.701306965761597,291.161162
969.8917748474596,299.38629150390625,287.1477281008862,83.33582051595052,7.880667344304374,291.2612
969.8693060426897,299.3829345703125,287.15037821515983,83.34325917561848,8.061938467680688,291.36115
969.8021342037736,299.3695068359375,287.1473240736715,83.35567474365234,8.242264947968215,291.461182
969.8927769649247,299.376220703125,287.17720278722584,83.38548278808594,8.422296528499716,291.561105
969.8222793950285,299.36614990234375,287.1691430614519,83.38746897379558,8.603519940564466,291.661225
969.7985815439451,299.36279296875,287.18799287919734,83.41549936930339,8.785140039949248,291.761251
969.7523467924917,299.35943603515625,287.1982622804355,83.43262990315755,8.96574302392035,291.861226
969.8412883348798,299.36279296875,287.2302531233274,83.46922302246094,9.149442753650922,291.961312
969.7652781903562,299.35272216796875,287.22425960327473,83.47384134928386,9.33531023980412,292.061359
969.7718100895213,299.35272216796875,287.22425960327473,83.47384134928386,9.517607383803144,292.161145
969.7223831606686,299.349365234375,287.253234292114,83.51477559407552,9.699825869839046,292.261159
969.6766441689304,299.35272216796875,287.26163069366714,83.52137502034505,9.88045639009072,292.361153
969.6200288734709,299.34600830078125,287.27026154111456,83.54052225748698,10.059699443540968,292.461145
969.6891341536615,299.33929443359375,287.2759696395348,83.55595397949219,10.237253315147584,292.561159
969.6144942791154,299.33929443359375,287.28863374929756,83.5720723470052,10.410914476347097,292.661188
969.603535612082,299.33258056640625,287.29891600719026,83.5933329264323,10.582217508450665,292.761374
969.4944563149551,299.33258056640625,287.29812896961187,83.59233093261719,10.754517892070592,292.861163
969.5582886610455,299.32586669921875,287.3100230574163,83.6156489054362,10.9250980245554,292.961181
969.4619235075676,299.32586669921875,287.30685959554137,83.6116205851237,11.095344713040175,293.061182
969.5629585137071,299.3292236328125,287.31924203209854,83.62330118815105,11.265443048958069,293.161155
969.4380073219535,299.31915283203125,287.3165073640353,83.63208262125652,11.43897064550792,293.261128
969.4131724926483,299.31915283203125,287.3165073640353,83.63208262125652,11.617671063894708,293.361121
969.5628297780952,299.31915283203125,287.3341548991623,83.65456136067708,11.802160800808364,293.461115
969.3872894780792,299.31243896484375,287.33357945647464,83.66200764973958,11.990366141587327,293.56113
969.4263680936031,299.30572509765625,287.3221005710834,83.65556335449219,12.185213400674417,293.661219
969.3742656024995,299.30572509765625,287.3271708654558,83.66202290852864,12.387584185623348,293.761332
969.3305963456504,299.29901123046875,287.33941157737377,83.68580118815105,12.602056323956237,293.861314
969.3377858944175,299.295654296875,287.3468630198288,83.6993891398112,12.823573801400281,293.961138
969.3007892934968,299.295654296875,287.363558745612,83.72067006429036,13.051491124225919,294.061159
969.3166131097241,299.295654296875,287.37364486432705,83.73352813720703,13.286733644274218,294.161208
969.2727286919466,299.29229736328125,287.39266046874263,83.76186879475911,13.524998091515084,294.261163
969.2755385907435,299.28558349609375,287.3989938668373,83.77813720703125,13.76760506731993,294.361148
969.2629574992872,299.28558349609375,287.4090584649185,83.79097493489583,14.017535954029702,294.461255
969.1747289877209,299.28558349609375,287.4090584649185,83.79097493489583,14.272507344721566,294.561142
969.1140377386098,299.2822265625,287.4149494366859,83.80258687337239,14.532702507266038,294.661152
968.9839770861879,299.2889404296875,287.4390331399652,83.82511901855469,14.800426022365338,294.76129
969.0817920610378,299.2822265625,287.44443928283255,83.84021504720052,15.073172065637566,294.861305
969.1079172007267,299.2755126953125,287.4388223593094,83.84124501546223,15.350734430850151,294.96112
968.9498723589568,299.27215576171875,287.4431562739914,83.85087585449219,15.634362843866421,295.061217
969.0036646471057,299.27886962890625,287.4571418251809,83.86052703857422,15.921204297500175,295.161272
969.0050253528301,299.26544189453125,287.4605704783317,83.88130696614583,16.216732519312362,295.261182
968.9412326751375,299.25537109375,287.44824632026723,83.87787628173828,16.51830052735956,295.36113
968.8062966457242,299.25537109375,287.4601709704893,83.89310201009114,16.829149867992598,295.461162
968.7447957879647,299.25537109375,287.4828008216175,83.92200215657552,17.149582535751573,295.561129
968.801606076111,299.25201416015625,287.47593036287014,83.91733042399089,17.479001493394065,295.66122
968.7556360196216,299.25201416015625,287.47593036287014,83.91733042399089,17.813374190341687,295.761345
968.649782636864,299.25201416015625,287.480312805934,83.92292785644531,18.154270194385557,295.861166
968.6897443677507,299.2486572265625,287.4810063641077,83.92791748046875,18.49703817202877,295.961178
968.6784856045647,299.2486572265625,287.4725284815749,83.91708882649739,18.846559760315664,296.061156
968.5131205631482,299.241943359375,287.47294815936084,83.9258321126302,19.200718493474998,296.161118
968.485268927,299.2352294921875,287.49580167101027,83.96323903401692,19.561521465447708,296.26118
968.5805691954239,299.23187255859375,287.4798244186577,83.94692993164062,19.92769101526141,296.361177
968.4324460771994,299.23187255859375,287.51161076612135,83.987548828125,20.303601915598097,296.461109
968.4512906633229,299.22515869140625,287.50198644080496,83.98346201578777,20.691713941933514,296.561132
968.3442654243994,299.21844482421875,287.51488397049826,84.00816345214844,21.084218237295094,296.661128
968.3743247805257,299.21844482421875,287.5164435706383,84.01015726725261,21.485437743651726,296.761307
968.1799930511793,299.215087890625,287.529225995194,84.03060913085938,21.892603794213553,296.861307
968.2047987610154,299.215087890625,287.529225995194,84.03060913085938,22.303437261098992,296.961137
968.2090331331005,299.215087890625,287.5307872518897,84.03260548909505,22.72524355286494,297.061162
968.1846280602254,299.21173095703125,287.54605556642895,84.05624135335286,23.1550224781122,297.161206
968.0713819276457,299.20166015625,287.5456089442341,84.06800333658855,23.595424585450388,297.261233
968.0427496531943,299.20166015625,287.5651996495578,84.0930658976237,24.043829453508774,297.361157
967.9702132792514,299.20166015625,287.56065770063327,84.08725484212239,24.49709712664794,297.461131
967.9096915412852,299.18487548828125,287.55743719488555,84.10369873046875,24.952382245703554,297.561134
967.9210688483691,299.18487548828125,287.5574312327972,84.10369110107422,25.412746401362394,297.661143
967.8109240617005,299.18487548828125,287.56640768963626,84.11517842610677,25.877408246821386,297.761239
967.713601100376,299.17816162109375,287.5659455486981,84.12281545003255,26.347124768186923,297.861315
967.6905481842876,299.17816162109375,287.5831808551512,84.14487711588542,26.82095689040858,297.96111
967.6415801332386,299.1680908203125,287.57960473963726,84.15264638264973,27.298717284388353,298.061158
967.5946636374085,299.1680908203125,287.57960473963726,84.15264638264973,27.780904964841604,298.161193
967.520368985406,299.1748046875,287.5936880285801,84.16244506835938,28.2651022460384,298.261158
967.516953125,299.1680908203125,287.58946056521165,84.16526540120442,28.761146273084133,298.361118
967.4119353520996,299.1680908203125,287.59539696196583,84.17286682128906,29.260048440133694,298.461163
967.4223238815935,299.161376953125,287.6041241921561,84.19227854410808,29.76206477199203,298.561109
967.33265625,299.161376953125,287.6106963510604,84.20069630940755,30.262868313764518,298.661141
967.3300169732424,299.1546630859375,287.59975250568885,84.19491577148438,30.768456389561848,298.761264
967.2245997327283,299.15802001953125,287.6265490665268,84.22512308756511,31.273782765496822,298.861272
967.2257137093247,299.15130615234375,287.62521300237086,84.23165130615234,31.780375177633076,298.961182
967.1523740035309,299.14459228515625,287.63805185998456,84.25634511311848,32.27580141527058,299.061199
967.0340878032137,299.14459228515625,287.65977597305437,84.28418986002605,32.771397193411005,299.161099
967.0471035475742,299.13787841796875,287.6428187054253,84.27069854736328,33.26586164305314,299.261196
966.9827307410974,299.13787841796875,287.6428187054253,84.27069854736328,33.75208016590004,299.361152
966.8675803064423,299.13116455078125,287.65764660738404,84.29795328776042,34.23875738211416,299.461164
966.9002075282458,299.12445068359375,287.652759012156,84.29993438720703,34.72541156571843,299.561126
966.759789848638,299.1278076171875,287.65516414489673,84.29889424641927,35.21568640791027,299.661124
966.667229785378,299.12109375,287.65028244871405,84.30088297526042,35.703272891487465,299.761287
966.5632768770755,299.10430908203125,287.63807774408843,84.30585479736328,36.191349667548586,299.861328
966.575625,299.107666015625,287.6615425362645,84.33182271321614,36.67934254037421,299.961208
966.57250400032,299.10430908203125,287.65832188735266,84.33181762695312,37.173898685855015,300.061178
966.441659126236,299.10430908203125,287.67863865193755,84.35787963867188,37.67445868791616,300.161149
966.4234631251752,299.09423828125,287.67484508549126,84.36539459228516,38.17666617387485,300.261123
966.3110550670284,299.09088134765625,287.6761648782032,84.3712158203125,38.68207434275985,300.361128
966.2709808335333,299.09088134765625,287.6932416562311,84.39312998453777,39.187405248026764,300.46113
966.2186261916711,299.09088134765625,287.6932396746702,84.39312744140625,39.687476004721155,300.561107
966.1529478135722,299.09088134765625,287.70219388995,84.40461985270183,40.18857233514168,300.661157
966.1732020624569,299.0740966796875,287.7020961129055,84.42514546712239,40.68673487657328,300.761385
966.0932789842373,299.07073974609375,287.71462092988287,84.44535827636719,41.18697188798672,300.86135
966.0011899322744,299.07073974609375,287.73711645739434,84.47424825032552,41.688994121453206,300.961099
966.039085218013,299.0673828125,287.7515737278802,84.49695332845052,42.18803925706437,301.061135
965.8996494790573,299.07073974609375,287.75926572824665,84.50270080566406,42.693056388653595,301.161084
965.8168168810018,299.05059814453125,287.75599893363125,84.5233154296875,43.194462135027294,301.261185
965.8322337556347,299.053955078125,287.7689872198778,84.53587086995442,43.697303194960874,301.361095
965.7532618683804,299.05059814453125,287.78061987509295,84.55495961507161,44.200259788332154,301.461137
965.7506974356226,299.04388427734375,287.7673427665419,84.54616800944011,44.70841294462949,301.561115
965.6716817799179,299.04052734375,287.78606683881253,84.57437642415364,45.21903668948827,301.661136
965.5011457181646,299.0338134765625,287.7957417972309,84.59509531656902,45.72518954948423,301.761389
965.509393789557,299.0338134765625,287.7957417972309,84.59509531656902,46.23300812927718,301.861145
965.3868952287946,299.027099609375,287.8113522542582,84.62345377604167,46.73624729107072,301.961161
965.3180991740965,299.03045654296875,287.8258145913853,84.6379165649414,47.23883015473177,302.061186
965.290093997046,299.02374267578125,287.8276339580836,84.64854176839192,47.744024589732184,302.161095
965.2547437747361,299.0203857421875,287.83205925857675,84.65837860107422,48.24781547682173,302.261172
965.1351937368861,299.01702880859375,287.83798954784294,84.67015329996745,48.74647874724532,302.361123
965.115676423714,299.013671875,287.8589600770949,84.70128885904948,49.24156542981782,302.461135
965.0692088068466,299.0102945963542,287.87145231765453,84.72154235839844,49.73750813476874,302.561141
965.0523660920766,299.0103047688802,287.8682444074651,84.71739959716797,50.23382165473654,302.66125
965.0457574918494,299.0035807291667,287.8767017226269,84.7365951538086,50.72860927163667,302.761263
964.8708184872153,299.0035807291667,287.9053408917424,84.77348073323567,51.22752732242475,302.861154
964.9149011488204,298.9968668619792,287.88680830631233,84.75790659586589,51.73054967900995,302.961115
964.8827396241479,298.9968668619792,287.88680830631233,84.75790659586589,52.23707923667289,303.061191
964.8263377541952,298.9834289550781,287.89229907810926,84.78158823649089,52.74706710855095,303.161114
964.7281579366186,298.9800720214844,287.90669768720124,84.80429077148438,53.260093810030625,303.261135
964.6952671819173,298.9700012207031,287.91205097370107,84.82364400227864,53.77572776573858,303.361129
964.6568235456195,298.9700012207031,287.92103417175235,84.83522288004558,54.29334648400049,303.461125
964.6972582461981,298.9632873535156,287.92301502831634,84.84608205159505,54.80794751324806,303.561156
964.5469614088552,298.9666442871094,287.9495706832975,84.87616729736328,55.32103231617325,303.66119
964.4814171560896,298.9565734863281,287.9547105161398,84.89526112874348,55.826777787196455,303.76123
964.4595740014017,298.9498596191406,287.9569810780454,84.90650177001953,56.33341867458657,303.8612
964.4799009400427,298.9498596191406,287.9636091369174,84.91505177815755,56.83757929556862,303.961122
964.3104343712482,298.9498596191406,287.9799543634924,84.93613942464192,57.34099194628415,304.061112
964.2604858912086,298.9498596191406,287.9799543634924,84.93613942464192,57.84697636037556,304.161224
964.2001882765431,298.9431457519531,287.9750330708513,84.93810526529948,58.34323983937681,304.261237
964.143658512418,298.9431457519531,288.00062196230976,84.97112782796223,58.835293459480845,304.361131
964.0821093945177,298.9397888183594,288.0018914672314,84.97692616780598,59.33007663351238,304.461199
964.0637581442899,298.9297180175781,288.00851873693375,84.99796295166016,59.82401890060134,304.561128
963.969123908638,298.9297180175781,288.03250759677985,85.02893829345703,60.31929895561665,304.661151
964.0236017705561,298.9263610839844,288.0445346960492,85.0486348470052,60.81169788168193,304.761204
963.9531667613522,298.9263610839844,288.06432966755926,85.07420603434245,61.305821008982626,304.861218
963.7766320033397,298.9162902832031,288.0590340826551,85.07985941569011,61.79662097802219,304.961126
963.7921587088802,298.9095764160156,288.0525865232226,85.07985941569011,62.29324084879228,305.061168
963.7303988854657,298.9028625488281,288.0521791007293,85.08766428629558,62.79065382557458,305.161151
963.681828246444,298.9062194824219,288.07963047475397,85.11897532145183,63.28371168858079,305.261332
963.7005303462138,298.9028625488281,288.08564522335064,85.13091786702473,63.77605716332185,305.361175
963.5143877569512,298.9028625488281,288.08057339375245,85.12436167399089,64.26834956008572,305.461123
963.4732657072401,298.8961486816406,288.0907574384514,85.14586385091145,64.76427300175621,305.561167
963.4190927169964,298.8927917480469,288.0973967941934,85.1586176554362,65.25568972848076,305.661236
963.4058210846498,298.8927917480469,288.12651741460394,85.19627888997395,65.74763535065844,305.761251
963.3271090483395,298.8860778808594,288.12287904804293,85.19991556803386,66.24203651070223,305.861243
963.2904230918731,298.8860778808594,288.13032781423897,85.20955149332683,66.73479526801222,305.961148
963.2325153068464,298.8793640136719,288.1408387142726,85.2314961751302,67.23804602337019,306.061211
963.2371562784288,298.8726501464844,288.13016468773486,85.22603098551433,67.73279567658649,306.161122
963.1312234281045,298.8625793457031,288.1412526872148,85.25290171305339,68.23471276652538,306.261184
963.095022614782,298.8625793457031,288.1630209634802,85.2810796101888,68.73333630635211,306.361177
963.0083785729736,298.8592224121094,288.1686168593788,85.29250081380208,69.23211655768216,306.461154
962.9984445375499,298.8592224121094,288.1686168593788,85.29250081380208,69.73404046639583,306.561146
962.9626849657938,298.8525085449219,288.18161785197896,85.31769053141277,70.2352307610432,306.661191
962.9638322446518,298.8390808105469,288.1922620037832,85.3481928507487,70.73980539304634,306.761209
962.9571711020052,298.8357238769531,288.20615769391645,85.37037658691406,71.24528434992982,306.861131
962.801002707234,298.8357238769531,288.21450255128224,85.38118998209636,71.7521945341395,306.961195
962.8044168615534,298.8290100097656,288.2055981872297,85.37801361083984,72.25533283139559,307.061192
962.6995124168945,298.8290100097656,288.2040752848155,85.37604014078777,72.76161841070707,307.161156
962.6294511845833,298.8256530761719,288.2224079997761,85.4039815266927,73.26057480549136,307.261154
962.6300348083076,298.8222961425781,288.2295065008113,85.41736602783203,73.75554394306856,307.361143
962.5147959187659,298.8122253417969,288.23493320396915,85.43695322672527,74.2584053792077,307.461172
962.4314919196165,298.8088684082031,288.2550701604617,85.46725209554036,74.75975757060667,307.561147
962.4095826415723,298.8088684082031,288.25766230253043,85.47061411539714,75.26085171568364,307.661163
962.4415019655416,298.8088684082031,288.25766230253043,85.47061411539714,75.76268390465003,307.761234
962.2786262189627,298.8021545410156,288.26738945555906,85.49160512288411,76.26129744932203,307.861282
962.3024158054097,298.7954406738281,288.26093019702944,85.4916000366211,76.75646074920836,307.961157
962.2143981934205,298.7920837402344,288.26756993591596,85.50440216064453,77.25262100166856,308.061201
962.0936072217396,298.7853698730469,288.2781940437678,85.52656555175781,77.75064278684314,308.161128
962.0359422693223,298.7853698730469,288.2965125499076,85.5503412882487,78.24958995764172,308.261173
961.9515139349245,298.7752990722656,288.2994868765324,85.56677500406902,78.75157027222171,308.361098
961.9816055373027,298.7685852050781,288.3100954936675,85.58893330891927,79.25073164463834,308.4612
961.9132908863676,298.7585144042969,288.3010148564453,85.58971913655598,79.75092129786383,308.561162
961.8760852973231,298.7618713378906,288.3147983720568,85.60342661539714,80.25441484685342,308.661148
961.8092145676056,298.7518005371094,288.32704159014315,85.63191223144531,80.75667538371594,308.761231
961.7324148986468,298.7484436035156,288.34918057834676,85.66487375895183,81.25987614763424,308.861311
961.6265019360951,298.7450866699219,288.3688171884759,85.69459279378255,81.76202069737337,308.961144
961.6433678954817,298.7450866699219,288.3688171884759,85.69459279378255,82.26767112829866,309.061128
961.467496345746,298.7417297363281,288.3811025534525,85.71476236979167,82.77232033613146,309.161192
961.4813065542921,298.7249450683594,288.3715567274773,85.72334798177083,83.27505189673025,309.261215
961.5231692272245,298.7283020019531,288.3907818183672,85.74414825439453,83.77995809257436,309.361148
961.3836579509438,298.7148742675781,288.3884610596278,85.7579345703125,84.28359805614298,309.461174
961.3217057668962,298.7182312011719,288.4055111831335,85.77591196695964,84.78730319571186,309.56115
961.2043942128089,298.7081604003906,288.4062795506649,85.78952026367188,85.29417380705407,309.66118
961.3143248535317,298.7048034667969,288.4156255381634,85.8058853149414,85.79931867895897,309.761263
961.2019025290627,298.7048034667969,288.44976149798714,85.85031636555989,86.30305158474539,309.861254
961.0640873181802,298.7048034667969,288.46975312756996,85.87634531656902,86.80615320027336,309.961116
961.0188221750311,298.6947326660156,288.46878077832537,85.88770294189453,87.31052829153248,310.061193
961.063091752876,298.6880187988281,288.4748789694055,85.90406290690105,87.80839492074826,310.161209
961.0118223636251,298.6880187988281,288.4748789694055,85.90406290690105,88.30168432550406,310.261162
960.9137198696967,298.6813049316406,288.4912130161823,85.93376159667969,88.79406745776751,310.361179
960.8473756246253,298.6779479980469,288.4866870883044,85.93207550048828,89.28742989214814,310.461132
960.7888780764605,298.6678771972656,288.500991904888,85.96335093180339,89.77703010118313,310.561115
960.7922217769052,298.6611633300781,288.51153503036,85.98551940917969,90.2726311822992,310.661171
960.6936299198643,298.6611633300781,288.53539867560903,86.01663208007812,90.76891866489495,310.761318
960.6925954367898,298.6477355957031,288.52908515582106,86.02526092529297,91.26477151842039,310.861267
960.5898422098062,298.6443786621094,288.5475599027673,86.05357360839844,91.76251901176462,310.961161
960.4871441036433,298.6477355957031,288.5597995977975,86.06532287597656,92.26450661839722,311.061206
960.4238875998282,298.6410217285156,288.5761536455413,86.09509785970052,92.76340040529058,311.161126
960.4246849070053,298.6410217285156,288.58592661645827,86.10785166422527,93.26296767697895,311.261177
960.347962883442,298.6309509277344,288.59716304357335,86.1351801554362,93.76316105355261,311.361182
960.2852116903209,298.6309509277344,288.59716304357335,86.1351801554362,94.26152415448658,311.461146
960.2585639342656,298.6275939941406,288.59616763906024,86.13810221354167,94.76712373314201,311.56117
960.1803356577362,298.6208801269531,288.61279044093754,86.16825103759766,95.26747908222904,311.661181
960.1241312416287,298.6175231933594,288.6133012709018,86.17314147949219,95.77338658456691,311.761205
959.9989579872613,298.6141662597656,288.6246301413165,86.1921615600586,96.2752148142844,311.86114
960.1144646642326,298.6007385253906,288.6286725316226,86.21434275309245,96.77958969066181,311.961162
959.9616150453542,298.5940246582031,288.6464108087396,86.24597422281902,97.28366124011691,312.061284
959.8715173893726,298.5940246582031,288.6447002919881,86.24373881022136,97.78660945107423,312.161117
959.8275754610534,298.5906677246094,288.6647168826191,86.27412923177083,98.29053837843952,312.261163
959.7622907081209,298.5839538574219,288.67427168600307,86.29507954915364,98.78874978133707,312.361114
959.7355359770012,298.5772399902344,288.680324276881,86.31145477294922,99.28549739576262,312.46115
959.7030243364187,298.5705261230469,288.6795337736593,86.31888326009114,99.79036522499003,312.561151
959.6192560097714,298.5738830566406,288.71294202604565,86.3583501180013,100.29206707124825,312.661202
959.5294741203069,298.5738830566406,288.72040440091456,86.3681131998698,100.79946198841884,312.761167
959.5633490151375,298.5738830566406,288.72268633424085,86.37109883626302,101.31015287891694,312.861189
959.4059032937585,298.5604553222656,288.7242387702511,86.39006805419922,101.82128631644264,312.961163
959.3675669902836,298.5604553222656,288.7257448027872,86.3920389811198,102.33092464569677,313.061143
959.3250053333459,298.5503845214844,288.73824804792457,86.42111206054688,102.84178284787558,313.161139
959.2407363363297,298.5403137207031,288.74539138401315,86.44317626953125,103.34946117518467,313.261229
959.245779821475,298.5436706542969,288.7557480579663,86.45249938964844,103.8567209581298,313.361134
959.124732229902,298.5369567871094,288.75947574249665,86.46585845947266,104.36089483168985,313.461187
959.1052241267942,298.5268859863281,288.77326141412584,86.49663543701172,104.86749400814945,313.561129
959.0217452231468,298.5268859863281,288.79313948669346,86.52267964680989,105.3714196911369,313.661126
959.0306261756231,298.5268859863281,288.8186380141362,86.55609639485677,105.87344635491291,313.76126
958.9277181318071,298.5235290527344,288.82689153897087,86.57115936279297,106.37515989086373,313.861239
958.926457590089,298.5168050130208,288.8398671995592,86.59667460123698,106.87547693169341,313.961108
958.7660086215623,298.5168050130208,288.8398671995592,86.59667460123698,107.37321470116281,314.061165
958.826551907548,298.50672403971356,288.8389458607528,86.60821787516277,107.86980113891369,314.161185
958.7354594717191,298.5100809733073,288.8626562194256,86.63506825764973,108.36876993041861,314.261156
958.6967566517633,298.4966532389323,288.8583197479761,86.64637247721355,108.86736097407196,314.36117
958.6191217758632,298.4966532389323,288.8728438278272,86.6654281616211,109.36535106073282,314.461144
958.5214838321615,298.4832255045573,288.85329350676415,86.65677388509114,109.8687194505235,314.561129
958.4886925964969,298.48658243815106,288.89054793512577,86.70141347249348,110.3695199657139,314.661194
958.5033803192854,298.4832255045573,288.88874652774706,86.70330047607422,110.86642398765308,314.761145
958.3963119602638,298.4765116373698,288.91861459592906,86.75101979573567,111.37205156215086,314.861224
958.4898687765293,298.4697977701823,288.9349047768868,86.78092447916667,111.87578355356284,314.961099
958.3018175336431,298.46978759765625,288.9625666529154,86.81727854410808,112.37787460832689,315.061211
958.234069829734,298.4697977701823,288.962247443293,86.8168462117513,112.88146462357274,315.161133
958.1749409711106,298.4697977701823,288.962247443293,86.8168462117513,113.38333471835134,315.26128
958.2077784493588,298.45635986328125,288.97260890256865,86.84750874837239,113.87977101274632,315.361119
958.2124115810809,298.459716796875,288.9920233759319,86.86876932779948,114.38324977860093,315.461173
958.1838440951744,298.4462890625,289.00015542266556,86.89650472005208,114.88593372501997,315.561176
958.1033717708656,298.44964599609375,289.02091837319267,86.91954803466797,115.38426352165366,315.661133
957.8252198820201,298.4462890625,289.02911950276325,86.93459828694661,115.88789841358489,315.761274
957.8431137522191,298.44293212890625,289.0214219384495,86.92873636881511,116.38594980439694,315.861256
957.8489029193191,298.4462890625,289.059270373182,86.9742660522461,116.88418836219827,315.96109
957.7130656238746,298.4395751953125,289.0600033631563,86.98376210530598,117.38273180577863,316.061129
957.8111470619472,298.42279052734375,289.0327743096202,86.96925862630208,117.88019080232215,316.161186
957.6119253688208,298.4261474609375,289.0418076532032,86.9768803914388,118.37456528471418,316.261218
957.6253089816794,298.4261474609375,289.0418076532032,86.9768803914388,118.87533515603292,316.361222
957.5509349542976,298.42279052734375,289.056240471095,87.00014241536458,119.37163521191947,316.461128
957.4740853514475,298.41607666015625,289.06076483935306,87.01463317871094,119.87187225561243,316.561093
957.5324870888044,298.41943359375,289.0740515709776,87.02785746256511,120.37198952388492,316.661142
957.3460711205117,298.406005859375,289.0808267279017,87.0538558959961,120.86907149371103,316.761131
957.3008765896186,298.406005859375,289.09316915962427,87.07011159261067,121.3709483670257,316.861314
957.2841947558642,298.39593505859375,289.089272369298,87.07779184977214,121.867793969879,316.961125
957.1955965078865,298.39593505859375,289.11269689362217,87.10865275065105,122.36374417501798,317.061153
957.1784564849446,298.38250732421875,289.1135335566792,87.12684885660808,122.86124227777417,317.161166
957.0804511824612,298.38250732421875,289.12393967028584,87.14056396484375,123.35694150132066,317.261281
957.0336514521395,298.37579345703125,289.11746889388127,87.14058430989583,123.85163102279665,317.361147
956.9206265683265,298.37579345703125,289.13385374394517,87.1621831258138,124.34745399564889,317.461179
957.0211472808884,298.3724365234375,289.1380426181674,87.17198181152344,124.84246165889584,317.561133
956.8957064647698,298.36907958984375,289.1523478808751,87.19512176513672,125.33701269619175,317.661173
956.8511694942562,298.36236572265625,289.1554307680184,87.20774332682292,125.83487940786341,317.761123
956.7521254278684,298.352294921875,289.1824090388884,87.25617218017578,126.33398901923115,317.861314
956.7414916899169,298.3590087890625,289.20263261487287,87.27429707845052,126.83294441162751,317.961184
956.6452692648287,298.3590087890625,289.2108029635369,87.28507995605469,127.33590758760715,318.061126
956.5438903920989,298.34893798828125,289.20922542885154,87.29584503173828,127.83883464536237,318.161295
956.6818519249668,298.33551025390625,289.20345026085573,87.30535380045573,128.34004330179553,318.26114
956.4995256004908,298.3321533203125,289.22478826328086,87.33781178792317,128.84648297654178,318.361159
956.5031619347733,298.32208251953125,289.2449571412454,87.37730916341145,129.349165829596,318.461145
956.3862305636814,298.32879638671875,289.2690533159245,87.40056864420573,129.85177295262727,318.561163
956.4036627809814,298.3187255859375,289.2714433592644,87.41659291585286,130.3575153348161,318.661136
956.3251280640718,298.3187255859375,289.2714433592644,87.41659291585286,130.85727518711977,318.761134
956.29581019109,298.31536865234375,289.28404751117745,87.43754069010417,131.36152348081797,318.861175
956.1257008685695,298.3052978515625,289.26502046289005,87.42526245117188,131.86445439586103,318.961123
956.172488943654,298.30865478515625,289.2957491956254,87.46159108479817,132.36987068319593,319.061313
956.0438818723892,298.298583984375,289.2932104320755,87.47111002604167,132.8711584662719,319.161113
956.0765373151728,298.2918701171875,289.2930744575475,87.4795150756836,133.371503712731,319.26124
955.9537691196402,298.29522705078125,289.2963322502034,87.47953033447266,133.8674076604348,319.361138
955.8629938681664,298.2784423828125,289.30778922035387,87.51615142822266,134.36034946400824,319.461178
955.834727055598,298.28179931640625,289.32693358508516,87.5371831258138,134.856394220811,319.561151
955.7058730368169,298.2784423828125,289.3318170965775,87.54794057210286,135.35047437219583,319.661164
955.718718499875,298.2784423828125,289.3488882819199,87.57053120930989,135.84771858249675,319.761165
955.6693948649357,298.26837158203125,289.3515630110288,87.5869649251302,136.34446855990015,319.86123
955.4827424848696,298.26837158203125,289.3515630110288,87.5869649251302,136.84325058604963,319.961477
955.5856502138105,298.27508544921875,289.3825430045167,87.61937967936198,137.34397443933221,320.061131
955.5039632885922,298.25830078125,289.39254127104726,87.6541239420573,137.84287484870322,320.161133
955.3576393443981,298.2515869140625,289.38604553022645,87.6541239420573,138.34056970661004,320.261136
955.3517413570374,298.25494384765625,289.4131564404813,87.68573506673177,138.84092765066163,320.361204
955.2760548273493,298.244873046875,289.4091548010603,87.69334411621094,139.33781105699774,320.46115
955.2485299337714,298.2314453125,289.4120767213726,87.71443430582683,139.84202380121488,320.561114
955.1457780545134,298.22808837890625,289.41524861144796,87.72294362386067,140.34461164080238,320.661197
955.2222854755445,298.2247314453125,289.4349295562191,87.75333913167317,140.84618136646066,320.761108
955.046077748042,298.22808837890625,289.4325884302652,87.74592844645183,141.33917777630674,320.861157
955.0026228381731,298.2247314453125,289.4582174085591,87.78421783447266,141.8334634258175,320.961493
955.0175007563407,298.2247314453125,289.4582174085591,87.78421783447266,142.32583265843354,321.061108
954.8471951487488,298.21466064453125,289.45550570477894,87.79354858398438,142.82014115867898,321.161201
954.8953547969297,298.21466064453125,289.4774236288966,87.82262166341145,143.3149411400888,321.261182
954.8779504718395,298.2113037109375,289.49204248723845,87.84632873535156,143.81724296330742,321.361103
954.7637076293707,298.20458984375,289.4970187189412,87.86155700683594,144.32291137869962,321.46113
954.7784625058106,298.20458984375,289.5077110031988,87.87574768066406,144.8374569371773,321.561217
954.6321482038735,298.18780517578125,289.513403917831,87.90487670898438,145.34546150664414,321.661129
954.5672197555987,298.18780517578125,289.52482320855466,87.92003885904948,145.8581499258026,321.76116
954.4400298048636,298.1844482421875,289.53505484167516,87.93794250488281,146.36787096275737,321.861119
954.5382477281195,298.1844482421875,289.54024982636105,87.94484202067058,146.87848075691113,321.961622
954.3831813852178,298.1710205078125,289.53785054951237,87.95892588297527,147.38461936623057,322.061116
954.3799073044516,298.1710205078125,289.5474338576663,87.9716567993164,147.88678194099276,322.161138
954.2786690138797,298.1710205078125,289.5474338576663,87.9716567993164,148.38797090240692,322.261124
954.2449446387001,298.164306640625,289.56843137061827,88.00819651285808,148.88625185202991,322.361124
954.271390125,298.15087890625,289.5688778256389,88.0260747273763,149.39146144833646,322.461119
954.2165690528627,298.15423583984375,289.59898139770013,88.06177266438802,149.89498090227147,322.561167
954.0351071625278,298.14752197265625,289.60522292938987,88.07872009277344,150.40285663097862,322.661259
954.1582588108386,298.1441650390625,289.62499634418833,88.10934448242188,150.90959441557803,322.761119
954.0234692327642,298.14080810546875,289.622558690249,88.11042785644531,151.42190668471025,322.861118
954.0488023464699,298.137451171875,289.65762144214534,88.16140747070312,151.9283044390177,322.961261
953.9409164441332,298.1240234375,289.65309300923536,88.17269643147786,152.42999734528982,323.061102
953.7991077111328,298.1240234375,289.66315966814085,88.18609619140625,152.93072361782262,323.161138
953.841095830293,298.11395263671875,289.6684766232782,88.20616658528645,153.426891274667,323.261229
953.8113104517954,298.12066650390625,289.68234563783324,88.21597035725911,153.9178014563462,323.361178
953.7564408260588,298.12066650390625,289.68234563783324,88.21597035725911,154.40837975961685,323.461129
953.5685654548352,298.10723876953125,289.68371134948643,88.23511759440105,154.8982486098823,323.561132
953.5213366025929,298.10723876953125,289.70491976246643,88.26336669921875,155.39252873747768,323.661176
953.5058856362265,298.10052490234375,289.7048707292687,88.27197011311848,155.88181949341876,323.761114
953.5106948682545,298.083740234375,289.7069536433006,88.29642232259114,156.36937307169143,323.861144
953.3754618444921,298.083740234375,289.7162793157669,88.30885060628255,156.85692919760464,323.961181
953.3110183044068,298.0904541015625,289.74843163347185,88.34303283691406,157.3460518821599,324.061217
953.2297309664084,298.07366943359375,289.7271873851477,88.3364028930664,157.83559239700574,324.161252
953.2691973261437,298.06695556640625,289.7454724013537,88.36946105957031,158.318857609155,324.261168
953.1273748585196,298.056884765625,289.75826387465855,88.39954376220703,158.80765135949528,324.361222
953.1632303284309,298.0703125,289.7727071050876,88.40144348144531,159.29887724765314,324.461146
953.1268595352548,298.0703125,289.7727071050876,88.40144348144531,159.79246093853703,324.561202
952.9836700593382,298.06024169921875,289.7914726990638,88.43950653076172,160.28722271613395,324.661217
952.9654695968496,298.0501708984375,289.7866870748264,88.44615173339844,160.78169530720007,324.761115
952.8700178909828,298.04681396484375,289.80979491972835,88.48133850097656,161.28421146663686,324.86114
952.8482599039658,298.04681396484375,289.81423180734265,88.48726145426433,161.78658096169693,324.961133
952.7453764163349,298.03338623046875,289.82505403707825,88.51909891764323,162.29005686434417,325.061131
952.7033050225882,298.04010009765625,289.8464820555591,88.53901926676433,162.79545511610306,325.161227
952.639378534665,298.03338623046875,289.84070114988805,88.53999582926433,163.29861387199193,325.261158
952.5858705665377,298.030029296875,289.8583852065841,88.56796773274739,163.80365072105215,325.361174
952.5334229528555,298.0132344563802,289.86443971196684,88.5978266398112,164.31225988897378,325.461173
952.5265404547649,298.0065205891927,289.88339764504053,88.63187154134114,164.81867993429321,325.561131
952.3950282211937,297.9998067220052,289.8927594690494,88.65309651692708,165.32469651190544,325.661115
952.3289097187682,298.00316365559894,289.90331055139046,88.66284942626953,165.8276387805425,325.761119
952.2667477890006,297.99643961588544,289.9102369494198,88.6808369954427,166.3325046572836,325.861139
952.2368066192423,297.99644978841144,289.9144034889415,88.68639628092448,166.83468248176152,325.961154
952.2182316495056,297.98972574869794,289.9218112251035,88.70503234863281,167.331590215936,326.061165
952.1256123866942,297.98973592122394,289.94748987288693,88.73937479654948,167.82915601298416,326.161125
952.1523055845904,297.9863688151042,289.95417842943993,88.75269826253255,168.33070017810743,326.261175
952.0331105072962,297.96958414713544,289.9519620733313,88.7715352376302,168.82738547027205,326.361127
952.0458824306096,297.96958414713544,289.973057883258,88.79977671305339,169.32647592999655,326.461155
951.9116964678532,297.9662272135417,289.98101859873975,88.81479899088542,169.82338686795754,326.561143
951.9124276160641,297.96958414713544,290.0081924465624,88.84682718912761,170.31780976703533,326.661111
951.8399966678467,297.9561462402344,290.0062664788807,88.86172231038411,170.81461643554712,326.761135
951.7602644314844,297.9393615722656,290.0015632502,88.87725321451823,171.31641282028173,326.861325
951.7476388624787,297.9460754394531,290.0239116225089,88.89846547444661,171.81942451614634,326.961372
951.6865693538516,297.9460754394531,290.0239116225089,88.89846547444661,172.323688222212,327.061131
951.6264479204673,297.9393615722656,290.04203995486404,88.93150075276692,172.82486135171095,327.161177
951.6026427062501,297.9292907714844,290.0322477569275,88.93148295084636,173.32399725891108,327.261144
951.4771074454377,297.9225769042969,290.03927962217756,88.94965108235677,173.81946980900526,327.361148
951.4115643218022,297.9292907714844,290.0788725015924,88.99400329589844,174.3202657242224,327.461174
951.4539543501196,297.9225769042969,290.073673582633,88.9957758585612,174.8204767179433,327.561135
951.3231973097821,297.9125061035156,290.09090539230186,89.03201548258464,175.32437819869284,327.661203
951.2962887809298,297.9057922363281,290.09311159332935,89.04372660319011,175.82611869440402,327.761164
951.2557178324266,297.9091491699219,290.128378720639,89.08668518066406,176.33313773378228,327.861176
951.2692589230359,297.8990783691406,290.1315614679685,89.10409291585286,176.83873762207023,327.961168
951.1179760537093,297.8957214355469,290.12971320331235,89.10599009195964,177.34345886740738,328.061131
951.0582429309263,297.8923645019531,290.1481943393343,89.13518778483073,177.8446702040199,328.161109
951.0662996319211,297.8923645019531,290.1481943393343,89.13518778483073,178.34326992394494,328.261195
950.9103100104741,297.8856506347656,290.15657184634335,89.1552022298177,178.83924466860847,328.361125
950.9308844251236,297.8822937011719,290.1678502346315,89.17473602294922,179.3414357593732,328.461161
950.9422940941142,297.8789367675781,290.19079048914995,89.20994567871094,179.84945072882712,328.561129
950.8236196617538,297.8789367675781,290.2106644753896,89.23665873209636,180.35697081056924,328.66113
950.796693476817,297.8789367675781,290.2264730608773,89.2579116821289,180.8579710773466,328.761169
950.7552172847656,297.8655090332031,290.2312660852043,89.28190612792969,181.36099300696313,328.861265
950.7521679019331,297.8554382324219,290.2200026012484,89.27992248535156,181.86302190919722,328.961117
950.6482724002379,297.8487243652344,290.2351859406348,89.30912272135417,182.36626978356873,329.06114
950.5618831684337,297.8453674316406,290.23758265055943,89.31673685709636,182.86567414262808,329.161126
950.5414501660039,297.8453674316406,290.2438091513014,89.32511393229167,183.3641117905645,329.261134
950.5142549444956,297.8352966308594,290.25106476950447,89.34805043538411,183.8646640741166,329.361226
950.4302344969823,297.8352966308594,290.25979878501073,89.35980478922527,184.3654213612884,329.461169
950.3314496834926,297.8319396972656,290.2706414448987,89.37879180908203,184.8637124422929,329.561105
950.3546759146478,297.8319396972656,290.2867741131905,89.40051015218098,185.36420516764903,329.661209
950.2871683255548,297.8319396972656,290.308312492776,89.42951202392578,185.8638943753883,329.761139
950.1559398153935,297.8185119628906,290.3181225263771,89.46031188964844,186.36937749492864,329.861243
950.083093291903,297.8151550292969,290.3226110504815,89.47075653076172,186.867077147446,329.961112
949.9476026421838,297.8084411621094,290.3324460899378,89.49280548095703,187.36684644850303,330.061232
949.9795885408331,297.8117980957031,290.3525156451891,89.5154520670573,187.86388142766285,330.16113
949.9494467619733,297.8084411621094,290.35827721162565,89.52761840820312,188.35979225097122,330.261266
949.8602577624104,297.8017272949219,290.3735505575874,89.55701192220052,188.85286045325344,330.361104
949.8235521008278,297.7950134277344,290.36843257235546,89.55891672770183,189.34714859964288,330.461158
949.7990007332496,297.7950134277344,290.39146683031095,89.58997853597005,189.84444976635106,330.561208
949.6672304438739,297.7950134277344,290.39146683031095,89.58997853597005,190.34084842362975,330.661154
949.6879578919916,297.7782287597656,290.38938822331346,89.60919952392578,190.84120339719342,330.761172
949.6495058645899,297.7782287597656,290.3971436994451,89.61966196695964,191.34788159554068,330.861268
949.5824452292595,297.7782287597656,290.41890215417726,89.64901987711589,191.85955378365125,330.961106
949.4624435365411,297.7681579589844,290.4173743707347,89.66018168131511,192.37200595224022,331.061159
949.5043260509457,297.7681579589844,290.43983109823324,89.69049326578777,192.87910705720012,331.161125
949.3172053455503,297.7648010253906,290.45109346416325,89.71010843912761,193.38171662480013,331.26121
949.4171354291673,297.7580871582031,290.46511402839366,89.7378641764323,193.88603856852632,331.361228
949.3490167542957,297.7513732910156,290.46686864388516,89.74905904134114,194.3894044205641,331.461207
949.1602798193223,297.7413024902344,290.46504047276335,89.75982920328777,194.89213618263622,331.561174
949.1116389705606,297.7379455566406,290.47019361190877,89.77120463053386,195.39262014635975,331.661187
949.1408816956474,297.7413024902344,290.50621642934385,89.81546529134114,195.88953185416915,331.761154
949.1477374286925,297.7413024902344,290.50621642934385,89.81546529134114,196.3908119110878,331.8611
949.1144634731421,297.7312316894531,290.5011831522485,89.82191212972005,196.89256896594628,331.961164
948.9932823476763,297.7245178222656,290.51082893832546,89.84378560384114,197.3906890169169,332.06114
948.8937641285153,297.7211608886719,290.5294189497475,89.8733393351237,197.88887758707156,332.161135
948.837107657126,297.7144470214844,290.53609476070767,89.89120737711589,198.38841479068935,332.261267
948.9893178798752,297.7144470214844,290.55100839780056,89.91137949625652,198.88435557327608,332.361144
948.7764780960804,297.7144470214844,290.5742349745127,89.94280242919922,199.38349137269472,332.461189
948.9042269797709,297.7010192871094,290.56749111427973,89.95137023925781,199.8807978384973,332.561139
948.7382641724815,297.7010192871094,290.5782964764933,89.9659932454427,200.3792418124771,332.66113
948.5518408194326,297.6943054199219,290.566290161451,89.95859273274739,200.88022167583262,332.761119
948.656255915366,297.6943054199219,290.5949012152581,89.99731953938802,201.38435622078703,332.861164
948.6511638423118,297.6842346191406,290.5921352325151,90.00685373942058,201.88624436538694,332.96118
948.5589053452401,297.6842346191406,290.5921352325151,90.00685373942058,202.38641800987253,333.061125
948.3877991805763,297.6842346191406,290.614752988797,90.03748067220052,202.88465212450853,333.161109
948.4141291323037,297.6708068847656,290.6122714602642,90.05183410644531,203.3844826978135,333.261204
948.2633244593136,297.6674499511719,290.6211594769119,90.06830342610677,203.88665709294497,333.36112
948.1660788520644,297.6674499511719,290.63097129717863,90.08159637451172,204.3856316955169,333.461158
948.1547961391491,297.6607360839844,290.6559251088534,90.12427520751953,204.88910908041208,333.561202
948.2533609781004,297.6607360839844,290.66579965364025,90.13765970865886,205.38796231569947,333.661128
948.040761545039,297.6573791503906,290.6778065911165,90.15837097167969,205.881936262275,333.761156
947.9804507407949,297.6439514160156,290.6726270267004,90.16908772786458,206.38113305822546,333.861276
947.8782012310512,297.6506652832031,290.7043540042482,90.20324198404948,206.87557198433868,333.961147
947.8080937584306,297.6439514160156,290.7125513709509,90.22323608398438,207.37438480643502,334.061177
947.8422089673425,297.6439514160156,290.7125513709509,90.22323608398438,207.86776296133755,334.161105
947.8494285025232,297.6338806152344,290.7090636545793,90.23181915283203,208.36489638936527,334.261226
947.8236788556648,297.6338806152344,290.7104826104104,90.23374430338542,208.86220535917138,334.361124
947.7340993457697,297.6338806152344,290.734552660746,90.2664057413737,209.36510849788638,334.461132
947.740921330472,297.6238098144531,290.7305890868716,90.27434794108073,209.86544432848945,334.561136
947.6814049197937,297.6238098144531,290.7382710440984,90.28477478027344,210.3677381102589,334.661179
947.5687225939956,297.6137390136719,290.75785666260555,90.32469177246094,210.87069505360745,334.761146
947.5806937752806,297.6170959472656,290.7667381548398,90.33230845133464,211.3741371047442,334.861154
947.4321306068024,297.6036682128906,290.78600643099486,90.37625885009766,211.8758881512631,334.961103
947.3639817076602,297.6036682128906,290.7852838340724,90.37527720133464,212.37782454175132,335.061168
947.4680433994982,297.6036682128906,290.78739919185875,90.3781509399414,212.87602657769102,335.161147
947.2968772842928,297.6036682128906,290.7974324135732,90.39178212483723,213.37222196265978,335.261159
947.3785103445083,297.6003112792969,290.80138596606463,90.40160115559895,213.86856929985828,335.361114
947.1562368112818,297.5902404785156,290.8069681304988,90.42253112792969,214.36526743385417,335.461131
947.0966812415638,297.5935974121094,290.8226148480681,90.43934885660808,214.8633451155705,335.561191
947.126370953125,297.5868835449219,290.82438203156835,90.45065053304036,215.35796892440962,335.661186
947.0509572179134,297.5801696777344,290.8401869845705,90.48104095458984,215.8550838102769,335.761172
947.0214990060238,297.5734558105469,290.8467671059117,90.49889373779297,216.35375866736047,335.861196
946.8760787798091,297.5734558105469,290.86077337491554,90.5179443359375,216.84674917216213,335.961289
946.8216185211356,297.5734558105469,290.8684140947267,90.52833811442058,217.34232570705444,336.061178
946.9856245922201,297.5566711425781,290.86976820249015,90.55245463053386,217.8339401044606,336.161175
946.7434812131044,297.5633850097656,290.8914452238637,90.57304128011067,218.32766024942796,336.261152
946.7311865193344,297.5533142089844,290.890878063997,90.58563995361328,218.82650429701678,336.361125
946.5507977683219,297.5466003417969,290.8894702581841,90.59263865152995,219.32503638456404,336.461226
946.6494929574408,297.5466003417969,290.8894702581841,90.59263865152995,219.82381734716242,336.56114
946.602975497436,297.5432434082031,290.9113981369915,90.62695058186848,220.3250636471004,336.661166
946.4584838854737,297.5432434082031,290.9352679148878,90.65945688883464,220.82800059099634,336.761123
946.4643153521068,297.5365295410156,290.92801512811457,90.65850067138672,221.33330277794875,336.861356
946.3418547491899,297.5331624348958,290.94240249752096,90.68257395426433,221.83479314880603,336.961245
946.2280415000824,297.5197347005208,290.9431200367845,90.70140329996745,222.33014630118527,337.061177
946.2895402283596,297.51637776692706,290.9431887603164,90.70596059163411,222.82829244644938,337.161125
946.2717438830425,297.51637776692706,290.9601312724576,90.72904968261719,223.32725812320172,337.261356
946.2079202169502,297.5130208333333,290.97572891144915,90.75477600097656,223.82529304001514,337.361123
946.0866823723393,297.5197347005208,291.00100223812103,90.78029886881511,224.33440151916582,337.461162
946.1895451321184,297.49623616536456,290.99345392239115,90.80128224690755,224.8436010798705,337.561138
946.0613253538893,297.50295003255206,291.02028018759677,90.82893371582031,225.35471171241883,337.661143
945.9138748312417,297.50295003255206,291.02028018759677,90.82893371582031,225.86753187156594,337.761294
946.1049132947977,297.4928792317708,291.0266072700898,90.85097757975261,226.36894313214083,337.861138
945.860212648567,297.48952229817706,291.04438205786664,90.87970479329427,226.86879216275244,337.961172
945.7181942205309,297.48279825846356,291.03766834130874,90.87950134277344,227.36389776570505,338.061125
945.6494255203284,297.4794413248698,291.0581010857499,90.911865234375,227.8541755801327,338.161163
945.6931838314715,297.4727274576823,291.0823404451418,90.95391337076823,228.34514588078667,338.261133
945.6453809691714,297.4660135904948,291.06114493427833,90.93392181396484,228.8320479762239,338.361125
945.5243637211238,297.46937052408856,291.093433396337,90.97354125976562,229.3224666308508,338.461128
945.4508741535703,297.4559326171875,291.08981631361326,90.98652648925781,229.80977570867702,338.561129
945.4755780956085,297.4559326171875,291.0976624684129,90.99724578857422,230.3011219431153,338.661173
945.3920998962603,297.45257568359375,291.1071633569107,91.01470692952473,230.7937676353014,338.761109
945.335387540882,297.44921875,291.125621486745,91.04441324869792,231.28861340781717,338.861285
945.3603827185223,297.44921875,291.125621486745,91.04441324869792,231.78314363097988,338.961302
945.2385034263211,297.44921875,291.13240137102724,91.05368041992188,232.2814742122922,339.061161
945.1983682048296,297.44586181640625,291.1541440603332,91.08788808186848,232.78622581840867,339.161122
945.0978702600859,297.4425048828125,291.15337010337447,91.09131368001302,233.28914286026028,339.261223
945.1375339796207,297.4290771484375,291.16014111676276,91.11851247151692,233.79471506263192,339.361124
945.0901331785291,297.42236328125,291.18184473907723,91.1571756998698,234.3035103507095,339.461139
945.0120528051176,297.41900634765625,291.185885993039,91.16719309488933,234.81282576720596,339.561115
944.9826771763252,297.408935546875,291.1848567465403,91.1792500813802,235.3232960679562,339.661172
944.854564046451,297.39886474609375,291.1884449389488,91.19762929280598,235.83076199510026,339.761191
944.8179556173188,297.40557861328125,291.196378430846,91.19950866699219,236.33709424923154,339.861273
944.8465967967244,297.4022216796875,291.21960327993077,91.23579406738281,236.84269596783162,339.961186
944.766316830102,297.3887939453125,291.2090978939083,91.23937733968098,237.34114119922774,340.061133
944.5773744730166,297.382080078125,291.20246426092257,91.23927815755208,237.8429782698758,340.161197
944.7017155197755,297.37872314453125,291.2082888955718,91.25174713134766,238.34416541100813,340.261222
944.5284511992893,297.37872314453125,291.22911804405413,91.28027598063152,238.84644580335265,340.361132
944.4079739828052,297.38543701171875,291.2596211829971,91.31307474772136,239.3447994234694,340.461191
944.338014872214,297.37200927734375,291.25952056555417,91.33092244466145,239.8461331576724,340.561114
944.41472060776,297.37200927734375,291.27882357644296,91.35737864176433,240.34931315183306,340.661173
944.3772719546475,297.37200927734375,291.29133127538637,91.37452443440755,240.84712168205277,340.761187
944.1320201434471,297.35858154296875,291.29144750708105,91.39268239339192,241.34298243485387,340.861158
944.3172441327748,297.355224609375,291.3032352974649,91.41334788004558,241.84736903136465,340.961137
944.2205810495622,297.355224609375,291.31933705933955,91.43543243408203,242.34744160645656,341.061147
944.2215735001638,297.34515380859375,291.3242091194885,91.45562489827473,242.850931060618,341.161154
944.197357942832,297.341796875,291.32849643943223,91.46601104736328,243.35319437521414,341.26111
944.0003280387604,297.341796875,291.32849643943223,91.46601104736328,243.85385384981902,341.361183
944.0306414851491,297.3350830078125,291.32178288858523,91.46580759684245,244.35549081667398,341.461179
944.017084753149,297.33843994140625,291.3621507415664,91.51670328776042,244.85830672979534,341.561148
943.8399446494523,297.328369140625,291.35502289161593,91.52043914794922,245.35553954496103,341.661176
943.8274590830016,297.32501220703125,291.36333208877426,91.5363540649414,245.84452810573782,341.761129
943.666431209156,297.32501220703125,291.3867807112063,91.5685526529948,246.3290925925364,341.861206
943.5586875540334,297.31829833984375,291.4089721043847,91.6080551147461,246.81199092076446,341.961241
943.5859778467252,297.31158447265625,291.3986816363717,91.60294087727864,247.29689603127002,342.061177
943.6026772305268,297.31158447265625,291.4040054661172,91.61025492350261,247.78484742954774,342.161108
943.5001730090398,297.3082275390625,291.41632261954396,91.6316909790039,248.27679049019105,342.261168
943.4243991235062,297.30487060546875,291.43215968926876,91.65796915690105,248.76709257842577,342.361187
943.3918556023918,297.29144287109375,291.4415530679666,91.6889419555664,249.25993485676085,342.46117
943.3535310400399,297.29144287109375,291.4360406752425,91.68136342366536,249.75981943786527,342.561148
943.2902046011247,297.29144287109375,291.4360406752425,91.68136342366536,250.26367404657154,342.661151
943.203480518038,297.2813720703125,291.44250056755715,91.70379384358723,250.77216510375646,342.761198
943.1956275200857,297.27801513671875,291.452550983122,91.72213236490886,251.2797351429502,342.861274
943.0685215013863,297.27801513671875,291.46097344220726,91.7337163289388,251.7931335567612,342.961281
943.0198353549463,297.25787353515625,291.4647421243444,91.76601664225261,252.3031511521966,343.061165
942.9481231615808,297.2679443359375,291.50128520871283,91.80273946126302,252.8136038120359,343.161185
942.879371675299,297.26458740234375,291.5216708739624,91.83532206217448,253.3215676031458,343.261146
942.9329327342696,297.247802734375,291.5211646628196,91.85724639892578,253.82925384052572,343.361246
942.8216562656228,297.25115966796875,291.52725070182163,91.86110178629558,254.33390631328396,343.46117
942.6763901813999,297.2410888671875,291.54211546710627,91.89515177408855,254.83844840968425,343.561184
942.6938582251522,297.2410888671875,291.5580234614023,91.9170659383138,255.341724109235,343.66119
942.6513751122616,297.234375,291.5568621274944,91.92452239990234,255.84583831384313,343.761174
942.5974734909167,297.234375,291.5568621274944,91.92452239990234,256.3508668816795,343.861212
942.5152743737506,297.234375,291.57827076697106,91.95402272542317,256.85304653032375,343.961327
942.490947903492,297.21759033203125,291.5583333613756,91.9491958618164,257.3555233422244,344.06114
942.4125129545421,297.22430419921875,291.595106946093,91.9908218383789,257.8543465670844,344.161188
942.313728390409,297.220947265625,291.59890667804854,92.00059254964192,258.354804903105,344.261167
942.2795833283848,297.20416259765625,291.60423130386,92.03060150146484,258.8557516625324,344.361276
942.2607788448795,297.20416259765625,291.61753288001347,92.04894765218098,259.35623577557686,344.461131
942.1692038504588,297.2008056640625,291.64102434435716,92.08589172363281,259.8489542646074,344.561149
942.0834138063844,297.2008056640625,291.67261568676395,92.12948862711589,260.3422960833631,344.661139
942.0651942364821,297.19073486328125,291.6702298366907,92.13981374104817,260.8363253547094,344.761197
941.9144054406742,297.1806640625,291.681671763093,92.16923268636067,261.3303102847672,344.861335
942.0157572511032,297.1739501953125,291.6769153133523,92.17174784342448,261.82403205341956,344.961398
941.9140220752408,297.1739501953125,291.6769153133523,92.17174784342448,262.3263503974452,345.061192
941.8649317954365,297.167236328125,291.6902247163908,92.19921366373698,262.8271870043542,345.16117
941.7668574101357,297.167236328125,291.7059491324151,92.22093454996745,263.3309998857525,345.261174
941.7093816777982,297.16387939453125,291.7161338459464,92.2395502726237,263.83649581494444,345.361264
941.6822528314461,297.15045166015625,291.7249778219811,92.26995595296223,264.34567053523693,345.461145
941.7199072822341,297.14373779296875,291.74026748313895,92.30018615722656,264.85285687711126,345.561193
941.5754651067924,297.13702392578125,291.74877538758045,92.32104746500652,265.356657119853,345.661249
941.5526873586149,297.13031005859375,291.76193026831055,92.3483403523763,265.86236196770705,345.761153
941.4202536344806,297.126953125,291.78167395392194,92.38020324707031,266.3610118998613,345.861172
941.4396462157971,297.12359619140625,291.7920804334377,92.39915466308594,266.8584809371788,345.961143
941.3717532137179,297.1202392578125,291.8002259991495,92.41498057047527,267.353859210205,346.061175
941.2623802764001,297.11688232421875,291.8099022020614,92.43292744954427,267.8478931345757,346.161146
941.2247851769519,297.11688232421875,291.8099022020614,92.43292744954427,268.33974962171067,346.261145
941.2289487315961,297.113525390625,291.8268783303085,92.46098327636719,268.8321236543764,346.361248
941.0978798580607,297.10345458984375,291.8243582251321,92.47116597493489,269.327483284743,346.461134
941.0859202477602,297.1068115234375,291.84827225333413,92.49972279866536,269.82113563252625,346.561128
941.0285330912033,297.09674072265625,291.85410798050185,92.521484375,270.31727646579566,346.661146
941.004212463586,297.0933837890625,291.85854838182735,92.53219604492188,270.81669586881856,346.761152
940.9369090001376,297.09002685546875,291.88198945700964,92.5692367553711,271.317048259323,346.861309
940.840323157883,297.07659912109375,291.87042142623505,92.57145690917969,271.8195895054443,346.961364
940.8112020106804,297.07659912109375,291.89966175248014,92.6119867960612,272.3247391277706,347.061119
940.8151776523123,297.0732421875,291.91153639615055,92.63301595052083,272.83063768939826,347.16117
940.7883001274745,297.06988525390625,291.9365185987933,92.67222849527995,273.3382562921576,347.261147
940.713773782406,297.06988525390625,291.9358328658012,92.67127736409505,273.84592772902715,347.361229
940.6360558276631,297.06988525390625,291.9358328658012,92.67127736409505,274.35280454934224,347.461148
940.6024138930195,297.04974365234375,291.93969418308217,92.70404815673828,274.85709372571597,347.561145
940.5186716469366,297.04638671875,291.951225351522,92.72461954752605,275.3570585243414,347.661236
940.4834596958015,297.04638671875,291.96646735124733,92.74577331542969,275.8594200672064,347.761223
940.3567405799865,297.04302978515625,291.9829555164955,92.77323404947917,276.3630443812928,347.861321
940.3532134263737,297.0396728515625,291.99551769639066,92.79524993896484,276.8660135234164,347.96116
940.2978683526727,297.0396728515625,292.0120708769882,92.8182373046875,277.36992506516896,348.061178
940.2693011547303,297.0262451171875,292.0187090142724,92.84576416015625,277.87266266461495,348.161211
940.1974015522723,297.0262451171875,292.0406154087162,92.87620035807292,278.37365684594675,348.261119
940.1348928490642,297.0262451171875,292.05337823244486,92.89393615722656,278.8681480070723,348.361177
940.0726877960002,297.02288818359375,292.0668578179372,92.91725158691406,279.35893037061106,348.461134
940.0454536168677,297.02288818359375,292.0668578179372,92.91725158691406,279.85622274925214,348.561213
940.0026475743949,297.0128173828125,292.07780282426404,92.94621276855469,280.34972658496997,348.661149
939.9920992212204,297.0094502766927,292.08904215788186,92.96643829345703,280.846008706379,348.761148
939.9925259193308,297.0094502766927,292.08903301416416,92.96642557779948,281.34266260829014,348.861277
939.895179273347,297.0027364095052,292.091282248773,92.97872161865234,281.8365397624334,348.961235
939.883562269894,296.9960225423177,292.1060494249376,93.00843302408855,282.331309447822,349.061206
939.7593124812613,296.9893086751302,292.1201269226979,93.03719329833984,282.8296540699682,349.161108
939.7325188199252,296.97922770182294,292.1287375448238,93.06295522054036,283.3233636487432,349.261261
939.6866815437517,296.97922770182294,292.14649901517004,93.08767954508464,283.8191373867075,349.361127
939.5881642063738,296.9758707682292,292.1501998292041,93.09742228190105,284.3156790218005,349.461176
939.5552886759854,296.97251383463544,292.1563454666924,93.11057027180989,284.8163041739419,349.561103
939.4881844219958,296.9758707682292,292.1787557839971,93.13718668619792,285.3131139678752,349.661186
939.3370989833321,296.9758707682292,292.1787557839971,93.13718668619792,285.8146220122597,349.761194
939.3460354278835,296.96579996744794,292.1789873474979,93.15128835042317,286.3223677945614,349.861243
939.3265847409108,296.9523620605469,292.17821652169766,93.16860453287761,286.835865602505,349.961247
939.2831541828277,296.9490051269531,292.193250724728,93.19414774576823,287.350163648284,350.061166
939.1832654344189,296.9456481933594,292.1967376155385,93.20360310872395,287.85845093490616,350.161171
939.1817127377404,296.9389343261719,292.21410657454186,93.23700714111328,288.3699481892194,350.261148
939.1427028690114,296.9355773925781,292.226170778944,93.25842539469402,288.8784136293478,350.361163
939.0566078410363,296.9288635253906,292.22569250939057,93.26695760091145,289.3879900019439,350.461106
938.9849834217817,296.9288635253906,292.2555610571013,93.30861409505208,289.89162392338494,350.561143
938.9369032661864,296.9221496582031,292.2703875308471,93.33850351969402,290.3909258342113,350.661121
938.8805834961914,296.9087219238281,292.25853886910426,93.34038543701172,290.8886396427694,350.761177
938.8602389485709,296.9120788574219,292.28084767666155,93.36691284179688,291.3876433817336,350.861381
938.7873610819485,296.9154357910156,292.2997186686821,93.38864644368489,291.88307087778884,350.961232
938.7667247292012,296.9154357910156,292.2997186686821,93.38864644368489,292.37783476600754,351.061212
938.6738852025009,296.9120788574219,292.3030047602949,93.39783986409505,292.87134984777606,351.161136
938.5739653558317,296.8919372558594,292.283877719868,93.39877827962239,293.3705055833469,351.261193
938.6028657035366,296.8952941894531,292.31173884910976,93.43307240804036,293.86751153327225,351.361111
938.4622119414063,296.8885803222656,292.3284853192758,93.46568044026692,294.365984443183,351.461158
938.5091722272639,296.8885803222656,292.3359385585988,93.47609202067058,294.86359477933775,351.561144
938.3877718260914,296.8785095214844,292.3448685785789,93.50240325927734,295.3641152201264,351.661163
938.3236771606666,296.8751525878906,292.3614560998255,93.53019714355469,295.86454049544125,351.761199
938.3702989732276,296.8717956542969,292.37242100497946,93.55013783772786,296.3707739395446,351.861272
938.2575731943264,296.8684387207031,292.37723503094116,93.56148274739583,296.87546016217493,351.961281
938.2440357225813,296.8650817871094,292.3966743740984,93.59327952067058,297.37730478900164,352.061127
938.0745702691089,296.8684387207031,292.40674638859093,93.60274759928386,297.88113647517105,352.161145
938.0702628901681,296.8684387207031,292.40674638859093,93.60274759928386,298.38538412306457,352.261138
938.1014986950006,296.8583679199219,292.4123509636394,93.6244405110677,298.88484829602146,352.361144
937.967039296556,296.8583679199219,292.42271708647985,93.63894144694011,299.3839779504943,352.461188
937.9187004775872,296.8449401855469,292.4101652978597,93.63985951741536,299.87751355271587,352.561185
937.9592722107309,296.8449401855469,292.4377711596197,93.67848714192708,300.37109074214845,352.661166
937.8492970437331,296.8449401855469,292.4520859868909,93.69852193196614,300.8636707883952,352.761175
937.8267047801324,296.8348693847656,292.45702628870526,93.71930694580078,301.3607892042188,352.861185
937.7074367940564,296.8315124511719,292.46338333993276,93.73283131917317,301.8589195025181,352.961172
937.7033817057988,296.8281555175781,292.48780939465,93.77166239420573,302.3541629454697,353.06117
937.6439117298645,296.8315124511719,292.4893203895398,93.76915232340495,302.85006238123447,353.161102
937.5766436384318,296.8247985839844,292.51346952865384,93.81223551432292,303.3474827092186,353.261657
937.5068702662885,296.8214416503906,292.4933728424855,93.78870900472005,303.8438697577315,353.361141
937.4008135287617,296.8214416503906,292.4933728424855,93.78870900472005,304.341795076531,353.46117
937.2722908798148,296.8080139160156,292.51226387673086,93.8336919148763,304.835739526805,353.561137
937.3337546461058,296.8080139160156,292.5177042067881,93.84131622314453,305.33614327308175,353.661158
937.3156997441365,296.7979431152344,292.51519763151305,93.85169474283855,305.8412747194702,353.761153
937.233309131096,296.7945861816406,292.5206911377474,93.86402638753255,306.3448729535521,353.861349
937.1841190294588,296.7979431152344,292.5401727102099,93.88670603434245,306.84778503649983,353.961219
937.0927330871136,296.7912292480469,292.54950282875654,93.90905507405598,307.3520227638116,354.061198
937.1200362598829,296.7878723144531,292.5574558278698,93.92484283447266,307.85633489046023,354.161112
937.037479939252,296.7778015136719,292.57475946444004,93.96302286783855,308.36063239345975,354.261679
936.8922594010236,296.7744445800781,292.5638830034781,93.95240020751953,308.85563146882345,354.361137
936.9338997594423,296.7744445800781,292.60323308528143,94.0076166788737,309.35733803063306,354.461141
936.8884264470132,296.7610168457031,292.60107832089477,94.02315012613933,309.8553368257168,354.561127
936.8093951122918,296.7610168457031,292.60107832089477,94.02315012613933,310.35618680845226,354.661185
936.7384225507905,296.7643737792969,292.6248496711195,94.05188242594402,310.85585879154036,354.761181
936.6925575654191,296.7610168457031,292.6311629896902,94.06538899739583,311.35825029157775,354.861172
936.5838237715267,296.7543029785156,292.6432806458864,94.09169260660808,311.86253329496094,354.961246
936.6177238173351,296.7442321777344,292.6320590498849,94.08986155192058,312.3603430569057,355.06114
936.5673304206863,296.7408752441406,292.6363389723083,94.10051727294922,312.8600784682995,355.1611
936.5709351443937,296.7475891113281,292.66576163914345,94.13256327311198,313.36064326243195,355.261455
936.3599438301778,296.7341613769531,292.6764851458115,94.16621907552083,313.8509865003942,355.361164
936.479497713262,296.7341613769531,292.6938447418033,94.19062042236328,314.3428327050697,355.461169
936.401807350973,296.7240905761719,292.6991744393103,94.21206156412761,314.8358423805612,355.561177
936.2174859732615,296.7274475097656,292.71532237410065,94.23011779785156,315.32640364383985,355.661201
936.2609557528102,296.7207336425781,292.70315960149196,94.22231547037761,315.8167843309552,355.761201
936.2188812659978,296.7173767089844,292.70555444126853,94.23033396402995,316.31316826087317,355.861173
936.1074260713715,296.7173767089844,292.729756255433,94.26437377929688,316.80797741929547,355.961202
936.1043466966036,296.7073059082031,292.7333479295698,94.28338623046875,317.3062384156295,356.061112
936.1006341542297,296.6972351074219,292.7312689844861,94.29442342122395,317.807624370333,356.161177
935.994147782884,296.7073059082031,292.75979019972067,94.32059478759766,318.3049034113006,356.2612
935.886898492395,296.6972351074219,292.75943883736596,94.33406829833984,318.80798692206616,356.361157
935.850619543859,296.6871643066406,292.7766539217785,94.37227630615234,319.31108112426364,356.461182
935.8062283063379,296.6871643066406,292.7978626409645,94.40214284261067,319.8108543551811,356.561169
935.7711030658113,296.6871643066406,292.8011543811752,94.40677897135417,320.3160481501868,356.661173
935.8798361151083,296.6703796386719,292.8028481137055,94.43246968587239,320.82259617069457,356.761128
935.6747752757215,296.6670227050781,292.82144537895505,94.46333567301433,321.33124075951895,356.861311
935.6160855597658,296.6636657714844,292.8268089468348,94.47555796305339,321.8386691764005,356.961264
935.490126889665,296.6636657714844,292.8268089468348,94.47555796305339,322.3441563376754,357.061152
935.6104854240951,296.6636657714844,292.8326697613011,94.48381805419922,322.8504444961947,357.161226
935.6060212976693,296.6603088378906,292.8594952080685,94.52629852294922,323.3541427677164,357.261215
935.3936011359064,296.6502380371094,292.85153174415996,94.52907053629558,323.85138653760526,357.361231
935.3512899395847,296.6569519042969,292.86397714765957,94.53728485107422,324.3429532864176,357.461204
935.2897780461298,296.6435241699219,292.86746860854953,94.56088002522786,324.8329707815105,357.561203
935.2073433024825,296.6368103027344,292.87205030912725,94.57668050130208,325.3171451797617,357.661165
935.2141867380982,296.6435241699219,292.88883149210795,94.5910135904948,325.8040963704395,357.761151
935.0892858638578,296.6368103027344,292.8931973009929,94.60651397705078,326.29040701842484,357.861157
935.0718845438631,296.6233825683594,292.9100314841653,94.64895884195964,326.78162397231256,357.961165
935.0748707774875,296.6267395019531,292.9204645042415,94.65901184082031,327.2741005736788,358.061204
935.0439795108739,296.6233825683594,292.9238408370745,94.66845194498698,327.7641992482923,358.161261
934.91900305156,296.6233825683594,292.9238408370745,94.66845194498698,328.2486460156249,358.261167
934.7383315038342,296.6099548339844,292.92050363156096,94.68243916829427,328.7399298217088,358.361161
934.794795386942,296.6099548339844,292.93066533423325,94.69678751627605,329.23584228366525,358.46117
934.7405420227968,296.6065979003906,292.94478558501254,94.72140502929688,329.7386959316473,358.561137
934.6468574499718,296.5965270996094,292.9542713018218,94.74883778889973,330.2460559960403,358.661189
934.6415628583679,296.5965270996094,292.9602835958784,94.75733184814453,330.75660406399004,358.761203
934.5845871533612,296.5931701660156,292.9809985938758,94.7912826538086,331.2680004424744,358.861177
934.6071027443264,296.5931701660156,292.9939506151593,94.80958811442058,331.78038224624396,358.96113
934.4695466429163,296.5763854980469,292.99181891667854,94.82998657226562,332.2924247158166,359.061191
934.375330624343,296.5797424316406,293.0094331696513,94.85020701090495,332.79791665623645,359.161165
934.4228681032437,296.5763854980469,293.01932105915915,94.8688735961914,333.303472508405,359.261274
934.259353647126,296.5730285644531,293.0302153583887,94.8889668782552,333.80149266030764,359.361179
934.256852955109,296.5696716308594,293.03550526752434,94.90113576253255,334.2961951918822,359.461136
934.1858386507499,296.5596008300781,293.0305257718076,94.9081522623698,334.79311075534196,359.561113
934.0203078258547,296.5428161621094,293.03105817295915,94.93234507242839,335.28423932785284,359.661177
934.0126600916623,296.5562438964844,293.0438426016039,94.93168131510417,335.7743867171967,359.761198
933.8398867189452,296.5428161621094,293.03730137102684,94.94117991129558,336.27087239942875,359.861174
933.9609135316141,296.5428161621094,293.0439753964049,94.95062510172527,336.7700793282462,359.961115
933.9058421322037,296.5428161621094,293.04786026221836,94.95612335205078,337.2741076864624,360.061178
933.781567744788,296.5327453613281,293.0226258000766,94.93447875976562,337.7749869090328,360.161176
933.7280250469207,296.5293884277344,293.0555464625523,94.9857660929362,338.27853256458036,360.26115
933.6935178892096,296.5327453613281,293.0588639028271,94.98577117919922,338.7826076889157,360.361152
933.6970186377558,296.5092366536458,293.0670598273594,95.03024037679036,339.28712731768735,360.461182
933.6957468509738,296.5092366536458,293.0670598273594,95.03024037679036,339.7954978471854,360.561109
933.6608632039365,296.51259358723956,293.0802331371847,95.04420471191406,340.3041986355783,360.661117
933.5645273876721,296.51259358723956,293.0736671265504,95.03490447998047,340.8119452887455,360.761141
933.463480188764,296.5025227864583,293.05858373325833,95.02762349446614,341.31800465468444,360.861172
933.3157669270572,296.49916585286456,293.0457346720327,95.01411946614583,341.8238379899669,360.961131
933.3335986609957,296.49916585286456,293.04641166163395,95.01507822672527,342.32913000210254,361.061171
933.264703899285,296.49244181315106,293.0417234904458,95.01784006754558,342.8349786235358,361.161141
933.2591148957197,296.4958089192708,293.04230923998807,95.01396179199219,343.3461278851593,361.261265
933.2700814663189,296.48573811848956,293.0351124538159,95.01785024007161,343.8572024353472,361.361184
933.2385273628597,296.48572794596356,293.0338131656143,95.01602427164714,344.36758820243193,361.461126
933.1232863639602,296.4823710123698,293.0527006497071,95.04747263590495,344.87522696514196,361.561171
933.0404843158219,296.4756571451823,293.0447865629194,95.04565175374348,345.38075006742093,361.661171
932.9387383146167,296.4756571451823,293.0447865629194,95.04565175374348,345.88614346307094,361.761153
932.9716560347728,296.47230021158856,293.05397605684675,95.06336720784505,346.3910649219125,361.861122
932.8228872530519,296.4689432779948,293.0426220871164,95.05197652180989,346.892034714336,361.961191
932.7630579434771,296.46558634440106,293.03994307610134,95.05287679036458,347.39250563571386,362.061204
932.816843570815,296.45887247721356,293.04667278934943,95.07180531819661,347.8900814791357,362.161238
932.628040567596,296.45887247721356,293.0379952268158,95.05950927734375,348.38155447975555,362.261151
932.5916982803221,296.4488016764323,293.0426455274259,95.08019002278645,348.87897655661294,362.361124
932.6332835097367,296.44544474283856,293.04885345913465,95.09368642171223,349.37478813993056,362.46116
932.4953015040862,296.45215861002606,293.05612899606,95.09460194905598,349.8776424710367,362.561133
932.4298721009261,296.4353739420573,293.06024837859405,95.12393697102864,350.37860578437136,362.661135
932.4446264338335,296.42864990234375,293.0706594321757,95.14811452229817,350.88342920604373,362.761133
932.2921140478111,296.42864990234375,293.0749114186321,95.15414428710938,351.39261856286413,362.861141
932.2996152701648,296.42864990234375,293.0749114186321,95.15414428710938,351.9025155573198,362.961228
932.1943693104212,296.42529296875,293.10240088909256,95.19783782958984,352.4100512510617,363.061155
932.1685117360861,296.4185791015625,293.11508449536296,95.2252426147461,352.91792281440115,363.161272
932.213533335239,296.41522216796875,293.14140117830937,95.26729838053386,353.421486595958,363.261183
932.1556144984248,296.41522216796875,293.15594064079,95.28793843587239,353.92386623626123,363.361181
932.03118697789,296.4051513671875,293.1547696229993,95.30040232340495,354.42569806376247,363.46113
931.9804273314782,296.4051513671875,293.1727931285421,95.32599639892578,354.92874689040036,363.561133
931.9430357645069,296.39508056640625,293.18452291467736,95.35679117838542,355.4279039006896,363.661165
931.8299693397643,296.38836669921875,293.18936831518437,95.37310028076172,355.92112538530375,363.761164
931.7672425465571,296.38836669921875,293.1900198491058,95.37402598063152,356.4179523814392,363.861167
931.7364634525128,296.3917236328125,293.2060877462953,95.39214324951172,356.91633184323746,363.961326
931.6196642950804,296.385009765625,293.1928524890171,95.3827641805013,357.4071987732481,364.061187
931.6472184698332,296.38165283203125,293.20383774515676,95.40308888753255,357.898778411236,364.1612
931.5045501578124,296.38165283203125,293.20383774515676,95.40308888753255,358.3873018971784,364.261211
931.4725235200265,296.38165283203125,293.21203313722845,95.41473642985027,358.8700301492849,364.361142
931.4501325897807,296.3782958984375,293.22967990106474,95.44453684488933,359.3577405317762,364.461159
931.3089988577942,296.37158203125,293.2354523666782,95.46217854817708,359.8479261487071,364.561139
931.3240290435205,296.3648681640625,293.2517137228576,95.49474080403645,360.34313355498995,364.661144
931.2001443934937,296.358154296875,293.24329087310406,95.49220021565755,360.8389202681501,364.761303
931.2592236040264,296.34808349609375,293.24687015120224,95.5114517211914,361.3369489336769,364.861119
931.2403979545892,296.3447265625,293.24677845427215,95.5160420735677,361.83493405893864,364.961165
931.1270234545418,296.3447265625,293.242727572901,95.51027933756511,362.33798558309394,365.061126
931.0911747533346,296.3380126953125,293.22532110125337,95.49495951334636,362.84212612035196,365.161133
931.023893138822,296.331298828125,293.2411263096961,95.52688598632812,363.3416102721058,365.261227
930.9620523816727,296.33465576171875,293.2491349565932,95.53355916341145,363.8429790065425,365.361139
930.9624120190938,296.33465576171875,293.2491349565932,95.53355916341145,364.34657080067365,365.461188
930.9353507025329,296.33465576171875,293.2750581680503,95.57044982910156,364.8526731509222,365.561151
930.7895971239737,296.3245849609375,293.25825959382803,95.56071217854817,365.35835772867813,365.661174
930.815296219987,296.31451416015625,293.25808166901476,95.57463073730469,365.8617120711496,365.761169
930.6734987620559,296.31787109375,293.2610397618172,95.57411702473958,366.36689523076,365.861172
930.6899990094133,296.31451416015625,293.26558336541075,95.58530934651692,366.87041554969943,365.961154
930.5835075553551,296.31451416015625,293.26491879657084,95.58436330159505,367.3709261798321,366.06118
930.5614952308352,296.3111572265625,293.2702064670576,95.59661610921223,367.86376283639845,366.161137
930.449941848713,296.30108642578125,293.26858481656654,95.60848490397136,368.35450076406624,366.261245
930.4574282617233,296.29437255859375,293.2748117382642,95.62680562337239,368.84373898130707,366.361112
930.4635479445893,296.291015625,293.28399868814233,95.64461771647136,369.33635755261014,366.46116
930.2737606718831,296.291015625,293.28399868814233,95.64461771647136,369.82644242077987,366.561123
930.2884897927293,296.291015625,293.2994489307129,95.6666259765625,370.31997546498064,366.661132
930.3090026752249,296.291015625,293.31806994816264,95.69315592447917,370.8159008949021,366.761159
930.2286910403162,296.2843017578125,293.30566314725,95.68493906656902,371.312475687959,366.861103
930.1443948389394,296.277587890625,293.32107032647525,95.7163569132487,371.81076188268594,366.961148
930.0532018533905,296.277587890625,293.33671807808804,95.73866017659505,372.3105812918189,367.061111
929.9758392103114,296.2708740234375,293.3488522459079,95.76542663574219,372.8136621092652,367.161255
929.9287332521725,296.2574462890625,293.34408043184544,95.77756245930989,373.31731310907253,367.261155
929.9434290420717,296.2574462890625,293.3644713448273,95.80664316813152,373.82214165850587,367.361152
929.872986182509,296.250732421875,293.3836659542086,95.84350077311198,374.32882762892115,367.461184
929.8693979190629,296.24066162109375,293.40491480376437,95.88804372151692,374.8348472104189,367.561159
929.6784254218109,296.2440185546875,293.4222740403508,95.9080810546875,375.3412955749553,367.661143
929.5373497800706,296.2440185546875,293.4222740403508,95.9080810546875,375.848669098695,367.761183
929.5790680644099,296.2373046875,293.4429286384135,95.94705708821614,376.3565802165333,367.861125
929.5193286185065,296.2373046875,293.4581327627903,95.96877034505208,376.8645919503102,367.961145
929.4398091652173,296.2373046875,293.4815731893902,96.00225321451823,377.37425746946707,368.061215
929.3808003014295,296.2171630859375,293.4831635519549,96.03301239013672,377.8768550683596,368.16115
929.3701043367239,296.21380615234375,293.45176537516807,95.9928970336914,378.37666484388615,368.26113
929.161029017165,296.2037353515625,293.44245787092916,95.99384053548177,378.87280263302296,368.361187
929.1778803339024,296.21380615234375,293.4619702147554,96.00747680664062,379.3636513524223,368.461136
929.1628480827666,296.2037353515625,293.4392662034251,95.9892807006836,379.8549972976972,368.56118
928.9737891666917,296.2037353515625,293.44543048748045,95.99808756510417,380.3460401909019,368.661203
929.0900223904688,296.197021484375,293.44324019874716,96.00445302327473,380.8378415337359,368.761127
929.0616783175844,296.197021484375,293.4388136078633,95.99812825520833,381.34055149302804,368.861186
928.9895966638268,296.18695068359375,293.4402164329349,96.01437632242839,381.84122265090053,368.961141
928.8749917852434,296.18695068359375,293.4402164329349,96.01437632242839,382.3434606453094,369.061219
928.8258781983442,296.1903076171875,293.45745694060076,96.03426615397136,382.84784831188364,369.161151
928.8461381025841,296.1903076171875,293.46346395866806,96.04285176595052,383.35488615656425,369.261197
928.690317370562,296.17352294921875,293.44205009281745,96.03599294026692,383.8617981975138,369.361176
928.7188399092529,296.16680908203125,293.4466817844962,96.05211385091145,384.37126114539524,369.461142
928.6825428810033,296.18023681640625,293.4807835936531,96.08186340332031,384.8820176096626,369.561112
928.5388648452415,296.16680908203125,293.46813380709386,96.08278401692708,385.3863736367238,369.661203
928.5444586308543,296.15673828125,293.48715902261773,96.12425231933594,385.8803949628472,369.761112
928.583581242001,296.1500244140625,293.49122787145706,96.13958231608073,386.3757829699886,369.861131
928.5187131806482,296.15673828125,293.50531153316365,96.1502202351888,386.87279192298786,369.961332
928.3408581628879,296.1500244140625,293.5058141970066,96.1604512532552,387.371223727249,370.061198
928.3799076704546,296.143310546875,293.5206460443695,96.19119008382161,387.87217763444056,370.161139
928.1194315335229,296.143310546875,293.5206460443695,96.19119008382161,388.37715183951553,370.261259
928.2024795096322,296.13995361328125,293.53216809574155,96.21244049072266,388.88078813199235,370.361163
928.028021881998,296.1365966796875,293.5439999450927,96.23413848876953,389.3808554354075,370.461125
928.1079454121755,296.13323974609375,293.54181555892876,96.23577117919922,389.88374041581255,370.561123
928.0825681728205,296.13323974609375,293.54925406924355,96.24642181396484,390.38263767276885,370.661178
928.0283510656575,296.12652587890625,293.5554779239723,96.26485697428386,390.88471455238926,370.761201
927.9437751403788,296.11981201171875,293.56426304463895,96.2869644165039,391.3835790674063,370.861148
927.7631411628239,296.11309814453125,293.5767616778064,96.31439717610677,391.88782802791206,370.961153
927.8612254713111,296.1097412109375,293.5811375676116,96.32543182373047,392.3861059255414,371.061199
927.7939784017227,296.1097412109375,293.59373087035016,96.34347788492839,392.8845216689085,371.161138
927.6465578437707,296.10302734375,293.60934185779786,96.37538655598958,393.3822140375195,371.26128
927.4442463343361,296.089599609375,293.6091842555014,96.39423370361328,393.8820305096582,371.361121
927.6461813149804,296.089599609375,293.6091842555014,96.39423370361328,394.3832393437957,371.461132
927.4924232014829,296.08624267578125,293.62153827777206,96.41671752929688,394.8793588623601,371.561093
927.481589492883,296.0828857421875,293.63105219211343,96.4351323445638,395.37734987243005,371.661127
927.4493317825466,296.0828857421875,293.6598628620068,96.47646077473958,395.8776331598614,371.761153
927.4448136123888,296.062744140625,293.6476223092884,96.48753865559895,396.3786155501498,371.861159
927.3298942970563,296.07281494140625,293.67815114962383,96.51702626546223,396.8802691718483,371.961141
927.277323612556,296.05938720703125,293.67882485477185,96.53709665934245,397.3829197364302,372.06117
927.2293539342688,296.0560302734375,293.68291649126076,96.54774729410808,397.8826047294221,372.16111
927.2758622118453,296.0426025390625,293.6633235998926,96.53872680664062,398.38258861823806,372.261191
927.0663232924453,296.035888671875,293.66380203518065,96.54896799723308,398.88733242934444,372.361104
927.0625703134382,296.035888671875,293.6854903303299,96.58011118570964,399.38439034854935,372.461125
927.0505876730562,296.02581787109375,293.69830825407604,96.61286163330078,399.8873664703614,372.561164
926.9899881452211,296.02581787109375,293.69830825407604,96.61286163330078,400.3896589457473,372.661176
927.0677213753862,296.0291748046875,293.7150456127534,96.63212585449219,400.9001233070892,372.761154
926.8242266788525,296.0258076985677,293.7247959709865,96.65093231201172,401.40701969955234,372.861137
926.8015522707677,296.0224609375,293.731442781852,96.66525268554688,401.9182529701905,372.961247
926.7115258218125,296.0056660970052,293.7267459101095,96.68243662516277,402.4230896120582,373.061124
926.6897397041473,295.99559529622394,293.7310025330392,96.70291137695312,402.9218209186874,373.161197
926.6963768237194,295.99559529622394,293.73639040596686,96.71065775553386,403.41284327208353,373.26113
926.4484933024553,295.9922383626302,293.7566926189826,96.74463907877605,403.9059447900369,373.361175
926.3965615623217,295.9855244954427,293.7622697883835,96.76223754882812,404.39530004811013,373.461124
926.5823760852863,295.98216756184894,293.7651883419571,96.77122497558594,404.88553365534165,373.561137
926.4144970574271,295.97545369466144,293.77388180279166,96.7933120727539,405.37706650738136,373.661186
926.4837030662284,295.98216756184894,293.7998883613861,96.82115173339844,405.8700453286369,373.761151
926.3951395055778,295.97544352213544,293.7932186568674,96.82115173339844,406.3605077322689,373.861136
926.3402372833319,295.95530192057294,293.7681347835324,96.81380462646484,406.85173630337965,373.961297
926.2021209549484,295.95530192057294,293.7766765719729,96.8260981241862,407.34082365247735,374.061119
926.1669438821413,295.95530192057294,293.78439246206085,96.83720397949219,407.8303890931109,374.161161
926.0615206965871,295.94858805338544,293.7897385516965,96.85448710123698,408.3243276015615,374.261374
926.1264610546293,295.93516031901044,293.7739027505502,96.85086568196614,408.81940611141755,374.361119
926.0167251884013,295.9385172526042,293.8026348894843,96.88744099934895,409.3216729177336,374.4612
925.9819209997803,295.93516031901044,293.80422083196294,96.89452107747395,409.8253147967114,374.561091
925.8660774880652,295.92844645182294,293.8106985165287,96.91344451904297,410.33105976164825,374.661239
926.0106818640473,295.9250895182292,293.82166418220015,96.93403879801433,410.8399998195817,374.761188
925.8007682787974,295.92173258463544,293.8261054376995,96.94523620605469,411.3549540758704,374.861203
925.827889409302,295.92173258463544,293.8261054376995,96.94523620605469,411.87166943033446,374.961267
925.6340676208378,295.9116617838542,293.8443205548866,96.98588562011719,412.3857458958475,375.06116
925.5860524147727,295.9116617838542,293.8455098013357,96.9875996907552,412.89688474577207,375.161114
925.6032779199768,295.9116617838542,293.8463831993056,96.98885854085286,413.4080986265247,375.261241
925.563176309071,295.9049479166667,293.84001004784386,96.98927561442058,413.9181835474805,375.36113
925.5358399369205,295.8982238769531,293.85999968721546,97.02771250406902,414.4265877543794,375.461122
925.5628676277057,295.8982340494792,293.86029022904927,97.02811686197917,414.93471953820944,375.561149
925.4408195504897,295.8982340494792,293.86650215032745,97.03707377115886,415.4396975304859,375.661171
925.4343563447292,295.8814392089844,293.86570273206377,97.0599594116211,415.9442647275804,375.761202
925.3693092664274,295.8814392089844,293.88549145086444,97.08850351969402,416.44665163805917,375.861148
925.2683217982401,295.8747253417969,293.8938135857311,97.11012522379558,416.955354971925,375.961138
925.2482105820633,295.8713684082031,293.91110918859397,97.139892578125,417.4569828688754,376.061105
925.1680554459058,295.8713684082031,293.91110918859397,97.139892578125,417.95812549971896,376.161133
925.1711844777237,295.8646545410156,293.91790880048035,97.15932718912761,418.45527731424295,376.261122
924.99565631435,295.8512268066406,293.91986655097617,97.18139902750652,418.9541220377473,376.361134
925.0558596085727,295.8512268066406,293.93961868279894,97.20992024739583,419.44962995932895,376.461212
925.0160791455905,295.8411560058594,293.9440209830294,97.23072052001953,419.9442048883068,376.561163
924.8482937395328,295.8377990722656,293.9480081745177,97.24129486083984,420.43836284207015,376.661142
924.8546027188623,295.8377990722656,293.96127973664136,97.26046752929688,420.9292005433707,376.761133
924.8021840466763,295.8344421386719,293.97379918637273,97.2833735148112,421.42098760834347,376.861149
924.6450516157092,295.8310852050781,293.98369361409186,97.302490234375,421.91179385440086,376.961263
924.5366749565096,295.8143005371094,293.9738065830361,97.31229400634766,422.39825172513565,377.061168
924.6200587281895,295.8143005371094,293.9678543282613,97.30369059244792,422.88786634014843,377.161118
924.6183278261706,295.8042297363281,293.9728276437653,97.32533772786458,423.3782986154993,377.261172
924.5816881597289,295.8042297363281,293.9728276437653,97.32533772786458,423.86748771632716,377.361145
924.5933413588901,295.7975158691406,293.9599019418343,97.31629180908203,424.36089475415713,377.461147
924.5662571010658,295.7975158691406,293.9674997730003,97.32727559407552,424.8527772899629,377.56118
924.4094511658382,295.7975158691406,293.9742825682115,97.33708190917969,425.3471618988742,377.661214
924.2068066443362,295.7941589355469,293.98225579772463,97.35343170166016,425.8473573439591,377.761151
924.2815154222869,295.7807312011719,293.9748322825967,97.36198425292969,426.3467449767864,377.861175
924.221015625,295.7773742675781,293.9661553644467,97.35425821940105,426.8487746874026,377.961122
924.2200136217548,295.7807312011719,293.9748621772783,97.36202748616536,427.345472381517,378.06112
924.1685815849644,295.7706604003906,293.96545487858464,97.36288960774739,427.84021210738905,378.161188
923.8396175886538,295.7605895996094,293.975839164067,97.39237976074219,428.3391007492105,378.26125
924.06304023991,295.7639465332031,293.985437397192,97.4014409383138,428.8364483871801,378.361166
923.995569405846,295.7572326660156,293.99130195083615,97.41957600911458,429.335645358721,378.461148
923.7820889634012,295.7572326660156,293.99130195083615,97.41957600911458,429.8436113145684,378.561192
923.9042331773464,295.7538757324219,293.9703351984152,97.3940658569336,430.3462693982291,378.661152
923.6891731871173,295.7538757324219,293.9704230934861,97.39419301350911,430.8590043275747,378.761188
923.6889387696776,295.7505187988281,293.95363429334583,97.37473042805989,431.3696194443336,378.861225
923.7544726070273,295.7505187988281,293.96159832352043,97.38625081380208,431.8810356672475,378.961286
923.7009385074095,295.7538757324219,293.9517082931007,97.36712137858073,432.38921723786996,379.061179
923.5066590271281,295.7438049316406,293.9425785707873,97.3683853149414,432.89642883074805,379.161181
923.5001196253424,295.7370910644531,293.94100973975225,97.37576293945312,433.40514706559367,379.26114
923.4676311389502,295.7337341308594,293.9314972597001,97.36682637532552,433.9076440593304,379.361178
923.3943983113028,295.7337341308594,293.9388319192526,97.37743631998698,434.4081924090137,379.461175
923.3378872675322,295.7337341308594,293.9385400914095,97.37701416015625,434.91364486809704,379.561137
923.3484836642402,295.7236633300781,293.9299109857648,97.37900288899739,435.41989514126607,379.661202
923.2413502014082,295.7236633300781,293.9302291668223,97.37946319580078,435.9255788035399,379.761136
923.2677212907938,295.7270202636719,293.9396284253911,97.38823699951172,436.4335770317118,379.861166
923.2078237784386,295.7169494628906,293.92887904886254,97.3871587117513,436.944345459197,379.961129
923.1487533160043,295.7102355957031,293.9230357932838,97.3883539835612,437.4560639390901,380.061145
923.0440269632079,295.7135925292969,293.9396402790861,97.40755462646484,437.96303159857,380.161217
922.8878369575609,295.7102355957031,293.93655321390514,97.40791320800781,438.4713093463319,380.261183
922.9944812780687,295.7169494628906,293.9499590953395,97.41766103108723,438.97469659882654,380.361115
922.7874933051339,295.7068786621094,293.9464084940825,97.427001953125,439.48154393857635,380.461161
922.8227189743584,295.7135925292969,293.95358462545937,97.427734375,439.98771731342714,380.561121
922.8024919761066,295.6934509277344,293.93860822351934,97.43502044677734,440.48807404403124,380.661128
922.8177148103238,295.6867370605469,293.94150917094805,97.4488754272461,440.9938592290267,380.761122
922.7424077283275,295.6867370605469,293.9629263651638,97.47988382975261,441.495145266833,380.861122
922.5571553393443,295.6867370605469,293.9629263651638,97.47988382975261,441.9977665929356,380.961261
922.6020651152763,295.6867370605469,293.9614159291213,97.47769673665364,442.49746906296,381.061126
922.5248949253212,295.6833801269531,293.9809113991602,97.51075998942058,442.9950729659968,381.161192
922.404616945894,295.6800231933594,293.98456539968305,97.52088419596355,443.49289001109537,381.261131
922.4301938208849,295.6800231933594,293.9986047102033,97.54122161865234,443.98817064186346,381.361168
922.3514828296943,295.6665954589844,293.9852431100761,97.54119618733723,444.48504928682183,381.461166
922.3100067718386,295.6665954589844,293.98549587985093,97.54156239827473,444.9788467527328,381.561143
922.3648323119434,295.6565246582031,293.98451301972864,97.5546391805013,445.4688343321963,381.661177
922.2271805083931,295.6531677246094,293.98734052067357,97.56357065836589,445.9606147600769,381.76113
922.1927107753338,295.6464538574219,293.98008196852066,97.5627212524414,446.4520895674298,381.861188
922.1330822477148,295.6498107910156,293.99690744531387,97.58227030436198,446.94576327763934,381.961219
922.010335652834,295.6464538574219,293.9935342327807,97.58221689860027,447.43627019971706,382.06118
922.0045782990763,295.6464538574219,293.9935342327807,97.58221689860027,447.92016968477833,382.161098
921.989654544347,295.6498107910156,294.0253306095304,97.62347157796223,448.40600184985317,382.261113
921.8421846823054,295.6397399902344,294.0203650058576,97.6307856241862,448.898317353785,382.361136
921.7732131787282,295.6296691894531,294.0305853919934,97.66012318929036,449.38833819116286,382.461168
921.7140307775378,295.6430969238281,294.0450610748288,97.66175842285156,449.8842849969493,382.561164
921.5684737113936,295.6195983886719,294.02961633537006,97.67323811848958,450.3848707552739,382.661189
921.610162600387,295.6195983886719,294.0501955548559,97.70309193929036,450.89228651492755,382.761202
921.6419825455969,295.6195983886719,294.05746613825823,97.71364084879558,451.3947904733384,382.861127
921.4520770734977,295.6162414550781,294.0597371113878,97.7217788696289,451.90048369421174,382.961315
921.5194640928607,295.6061706542969,294.0505463578089,97.7229715983073,452.4099996242035,383.061176
921.4293482059172,295.6061706542969,294.07418810152103,97.75728352864583,452.92404072417384,383.161181
921.2925534099824,295.5994567871094,294.07899427550433,97.77395121256511,453.4359794104127,383.26131
921.2806935883766,295.5994567871094,294.07899427550433,97.77395121256511,453.94461587366567,383.361152
921.3276096904118,295.5860290527344,294.0661712503468,97.77471923828125,454.45375181723136,383.461133
921.2178686788901,295.5960998535156,294.09757510843343,97.80577596028645,454.95989823495626,383.561132
921.1968050083302,295.5793151855469,294.0726893544452,97.79387664794922,455.4638729985982,383.661174
921.1633007833996,295.5759582519531,294.074121755625,97.8008041381836,455.96681352794667,383.761149
921.0248136644216,295.5759582519531,294.08141724274765,97.81139882405598,456.4740837851287,383.86115
921.0629472207187,295.5692443847656,294.0913375614935,97.83550516764323,456.97867574194964,383.961294
920.9422678323269,295.5692443847656,294.09016104358625,97.83379618326823,457.47888254439994,384.061278
920.9296244904501,295.5658874511719,294.09645468928665,97.84778849283855,457.97824331052436,384.161112
920.781931626384,295.5658874511719,294.1029123204541,97.85717010498047,458.478368904806,384.261145
920.853431130036,295.5524597167969,294.10188437213657,97.87508138020833,458.97561078034096,384.361104
920.6768463765153,295.5457458496094,294.1274844871556,97.92199452718098,459.4699605347695,384.461131
920.6090290602449,295.5457458496094,294.1274844871556,97.92199452718098,459.96534461753544,384.561157
920.6362610850135,295.5457458496094,294.15640171639694,97.9640375773112,460.4568583170571,384.66114
920.589638217353,295.5390319824219,294.16289375828364,97.98319244384766,460.95204160307236,384.761159
920.4649397744671,295.5390319824219,294.19207817110595,98.02564493815105,461.4460397319021,384.86117
920.449440705509,295.5256042480469,294.2187799296376,98.08394622802734,461.9381323419277,384.961239
920.3053219056569,295.5155334472656,294.2216505298586,98.10271453857422,462.43114126850503,385.061155
920.2475399869084,295.51552327473956,294.2294396987671,98.11406962076823,462.9202036463366,385.161208
920.2840798285274,295.5054524739583,294.24660946636953,98.15366872151692,463.4089581353935,385.261176
920.2654155707206,295.4987386067708,294.2519354785493,98.17116038004558,463.90500160048003,385.36111
920.1481890471426,295.4920247395833,294.268566189909,98.2051264444987,464.399805752303,385.461186
920.0294507678813,295.4853108723958,294.26384271888355,98.20798238118489,464.89535076391803,385.561112
920.0175621777771,295.48866780598956,294.2730675247717,98.21655527750652,465.39206801517065,385.661178
919.950437342415,295.48866780598956,294.2814996804909,98.22884368896484,465.89957609518075,385.761179
919.851819191406,295.47522989908856,294.2737804722334,98.23709106445312,466.40743575195836,385.861135
919.81432576783,295.46851603190106,294.2671017634944,98.23709869384766,466.9135589530945,385.96124
919.7341298690837,295.4718729654948,294.27605123546687,98.24527231852214,467.42038584079955,386.061166
919.7625767241454,295.45508829752606,294.26613229631914,98.25517272949219,467.92156840398,386.161217
919.7342622021071,295.45508829752606,294.2739155446591,98.26652018229167,468.4191856487706,386.261102
919.6566162382186,295.44837443033856,294.27255430601326,98.27428181966145,468.91198416541954,386.361152
919.4655654851288,295.4517313639323,294.28958531191256,98.29424285888672,469.40733895696917,386.461171
919.5639455880884,295.44837443033856,294.29292853749894,98.30399322509766,469.9075188821928,386.561402
919.3875359781871,295.44166056315106,294.2946650335097,98.31627655029297,470.40160726639243,386.661149
919.4016623451441,295.43494669596356,294.28906765857,98.31786346435547,470.8974309434503,386.76118
919.3776685725256,295.42823282877606,294.2940711354386,98.33491516113281,471.39154503788126,386.861132
919.3116165408837,295.42823282877606,294.2940711354386,98.33491516113281,471.8887272726269,386.961115
919.212083334115,295.42823282877606,294.300539854508,98.34435272216797,472.3857024165454,387.061216
919.2615682302854,295.414794921875,294.29279127799435,98.35257212320964,472.877289913762,387.161124
919.2103495445053,295.414794921875,294.30903676729133,98.37627919514973,473.3735112037978,387.261176
919.1138342061563,295.414794921875,294.30908207350114,98.37634531656902,473.87405606095984,387.361171
919.0442794118383,295.4080810546875,294.3202842488683,98.40245564778645,474.37990984608564,387.461197
918.9985195058129,295.4080810546875,294.3345844741268,98.42333221435547,474.8809577968604,387.561425
918.8616757853503,295.387939453125,294.32068346012795,98.43232727050781,475.37859118083077,387.661124
918.789554116006,295.39129638671875,294.3274598293048,98.43733978271484,475.88277859161377,387.761151
918.8783349868718,295.3812255859375,294.3235465382004,98.44627380371094,476.3887278074689,387.861132
918.6750611830294,295.387939453125,294.3491441639098,98.47389221191406,476.89508332090566,387.961177
918.7647384230934,295.38458251953125,294.3517126092255,98.48252868652344,477.40024526165155,388.061174
918.6080869648539,295.3812255859375,294.3567733206853,98.49480692545573,477.9054664881544,388.161149
918.6894279470046,295.3812255859375,294.3768629217488,98.52415974934895,478.4140595698731,388.261142
918.4585816471061,295.37115478515625,294.37460152741977,98.53551737467448,478.9232723869247,388.36116
918.525051608551,295.37115478515625,294.37407251859184,98.53474426269531,479.4303658007933,388.461157
918.5605779595593,295.3677978515625,294.3762771552268,98.54285430908203,479.94175050707463,388.561256
918.4442076542344,295.361083984375,294.3774089242366,98.55428568522136,480.4508621937738,388.66117
918.3865410863375,295.36444091796875,294.38629141915396,98.56238047281902,480.9574417186228,388.761116
918.3295185156937,295.3543701171875,294.3837079693829,98.57327270507812,481.4630227702321,388.861117
918.383527473319,295.3543701171875,294.3987329304929,98.59524027506511,481.96755774383547,388.961272
918.0840927257251,295.34429931640625,294.4015147858976,98.61398315429688,482.4722890426098,389.061155
918.1804760514018,295.33087158203125,294.4016769870377,98.63379160563152,482.9769234999645,389.16115
918.0964410867929,295.33087158203125,294.4166502764915,98.65569559733073,483.48642988748793,389.261137
918.1639638877951,295.32080078125,294.405485522682,98.65404510498047,483.9989144707838,389.361139
918.0812462626725,295.32080078125,294.405485522682,98.65404510498047,484.5107409084008,389.461131
917.9259406307178,295.32080078125,294.4254559673195,98.68326568603516,485.0193161059106,389.561189
917.8367910494933,295.32080078125,294.4410816192655,98.70613352457683,485.52472149342327,389.661139
917.8524576961719,295.31744384765625,294.4490568492238,98.7227045694987,486.0255513498118,389.761152
917.8243273264576,295.31744384765625,294.45012530532705,98.72426859537761,486.525590729833,389.861132
917.7324868995094,295.29730224609375,294.4439241280602,98.74458312988281,487.0225652324069,389.961249
917.7395141346403,295.3006591796875,294.4594073515811,98.76235453287761,487.51764819784177,390.061232
917.6529896004067,295.29058837890625,294.47744859327014,98.80348205566406,488.01126414001646,390.161294
917.6280613068524,295.2939453125,294.49909573128224,98.83029174804688,488.49982095057993,390.261175
917.5717889784661,295.2872314453125,294.51349868866106,98.8612060546875,488.99049996850636,390.361138
917.5302512532987,295.280517578125,294.5340507620583,98.90114339192708,489.47800635824444,390.461175
917.4718606752866,295.280517578125,294.5340507620583,98.90114339192708,489.9663998656915,390.561115
917.3520766276712,295.2738037109375,294.5559216131815,98.94302876790364,490.4596896840346,390.661184
917.2964879827528,295.2603759765625,294.5475097842811,98.95033264160156,490.95142794756686,390.761135
917.28080222764,295.2603759765625,294.55630234613744,98.96322886149089,491.4474814643426,390.861147
917.3360079313564,295.25030517578125,294.57208172051645,99.00111389160156,491.9430668498503,390.961142
917.1934500744167,295.24359130859375,294.57282682112003,99.0120340983073,492.4412889734973,391.06128
917.0567010451217,295.2469482421875,294.59380775691557,99.03791046142578,492.94177301978266,391.161119
917.0155356768591,295.2469482421875,294.6047406881714,99.05395762125652,493.4396261419526,391.26124
917.0229407841839,295.226806640625,294.5999481165695,99.07642110188802,493.9422890937422,391.361104
916.9313344720169,295.22344970703125,294.61450524774506,99.10271453857422,494.4403561804835,391.461184
916.9827050783202,295.22344970703125,294.6257106476317,99.11917114257812,494.9397953799407,391.561134
916.9557735746026,295.21337890625,294.61170572604544,99.11336008707683,495.4401997365769,391.661144
916.7214686657695,295.21337890625,294.61170572604544,99.11336008707683,495.94066560276764,391.761181
916.804852733496,295.21673583984375,294.5957011809743,99.0849380493164,496.4427852910494,391.861103
916.7000417642348,295.21337890625,294.62391569811354,99.13129425048828,496.9471835896016,391.961138
916.5886426132212,295.20330810546875,294.61378903720527,99.13117980957031,497.4485155703691,392.061285
916.5894535318399,295.20330810546875,294.62039001056877,99.14087677001953,497.94988706382213,392.161267
916.5428151133597,295.20330810546875,294.6353438496628,99.16284688313802,498.4487109222413,392.261167
916.5102793676825,295.18988037109375,294.63700406946776,99.18497721354167,498.9498690317912,392.361154
916.503675824526,295.1798095703125,294.63356031511006,99.19468688964844,499.4498939310865,392.461156
916.4199612174745,295.173095703125,294.64174733888075,99.21657053629558,499.9486416066705,392.561179
916.3504927576826,295.17645263671875,294.65166603088704,99.22622680664062,500.4465678220931,392.661205
916.252426075588,295.16973876953125,294.653343921926,99.23854573567708,500.9452918037431,392.761165
916.2367308762643,295.16302490234375,294.6464803515178,99.23830668131511,501.44593643645067,392.861178
916.2647056471334,295.16302490234375,294.6464803515178,99.23830668131511,501.94334092959826,392.961151
916.3159166426614,295.14959716796875,294.64633224996885,99.25779724121094,502.4376620683218,393.061257
916.0325578202023,295.14959716796875,294.66137711214594,99.27992502848308,502.9324981902746,393.161212
916.0285585619221,295.1395263671875,294.65942577374886,99.29184214274089,503.42415884371184,393.261176
915.8954612053982,295.13616943359375,294.6477991128658,99.27966817220052,503.9137012387664,393.361135
915.9029532629025,295.1328125,294.6445312536366,99.27979024251302,504.40721530641866,393.461106
915.8034235589652,295.1260986328125,294.6311094584442,99.26990509033203,504.90278604367,393.561209
915.9233238679645,295.12274169921875,294.6194889424673,99.2577412923177,505.4016233081498,393.661175
915.846933241522,295.119384765625,294.60280634662513,99.23813374837239,505.8970764385617,393.761136
915.6825747313171,295.119384765625,294.59454681820654,99.22598775227864,506.39940194181185,393.861127
915.7352756900459,295.11602783203125,294.58467966453884,99.21640523274739,506.89962918976045,393.96118
915.5777276977096,295.119384765625,294.5880403499677,99.21642049153645,507.40422711190973,394.061127
915.6479304189431,295.119384765625,294.5880403499677,99.21642049153645,507.9054033654145,394.161096
915.4334964645792,295.119384765625,294.5879504114416,99.21628824869792,508.4025729300941,394.261248
915.5753124914168,295.12274169921875,294.59140968365,99.21644846598308,508.9010587360238,394.361123
915.4290660397579,295.11602783203125,294.58476441317504,99.2165298461914,509.40218338961677,394.461171
915.3934029992388,295.119384765625,294.5880714825134,99.21646626790364,509.90729018602883,394.561135
915.3543200430603,295.11602783203125,294.576275317082,99.20404815673828,510.4153630881367,394.661135
915.3199298625799,295.11602783203125,294.58464853236677,99.2163594563802,510.9240322752012,394.761125
915.23112504389,295.1126708984375,294.5812549861953,99.21629587809245,511.4300921333057,394.861151
915.1067992284688,295.1126708984375,294.5812428793817,99.21627807617188,511.9333036589183,394.961125
915.0606789657098,295.10260009765625,294.5627534291245,99.20387013753255,512.4408819804418,395.061317
915.0945423157024,295.10931396484375,294.5779046791285,99.21629587809245,512.9386880665379,395.161153
915.0387090417399,295.10260009765625,294.5710864601526,99.21612294514973,513.4413104011775,395.26127
914.9502923884746,295.10260009765625,294.57111932031,99.21617126464844,513.9459011689436,395.361148
914.8966661110209,295.10260009765625,294.57111932031,99.21617126464844,514.4489636053172,395.461204
914.9180961840295,295.09588623046875,294.5643097533061,99.21601104736328,514.9524002062218,395.561158
914.8302770424167,295.0858154296875,294.56101698635445,99.22594960530598,515.4603190364325,395.661108
914.7836818910256,295.08245849609375,294.55758359431485,99.22582753499348,515.9636409846044,395.761144
914.6874339609723,295.08245849609375,294.55746946530917,99.2256596883138,516.4737258220001,395.861102
914.7570783668411,295.08245849609375,294.5657953155454,99.23790486653645,516.9826434671935,395.961138
914.6142557766885,295.07574462890625,294.56577331237946,99.2477289835612,517.4935232141319,396.061217
914.5215429433721,295.07574462890625,294.5657352766299,99.24767303466797,518.001555980742,396.161152
914.4875422457004,295.0723876953125,294.56247114697993,99.24780019124348,518.5117930474028,396.261228
914.4774165502854,295.06903076171875,294.552268866175,99.2377217610677,519.0175705404137,396.361113
914.383721833173,295.06903076171875,294.5656986191032,99.25747680664062,519.524317352316,396.46116
914.2662750663185,295.06903076171875,294.5589113809344,99.24749247233073,520.0313553946174,396.561143
914.3439154717394,295.06903076171875,294.5589113809344,99.24749247233073,520.5386053415341,396.661113
914.1430768648992,295.06231689453125,294.55886246843977,99.25727844238281,521.0448649924393,396.761161
914.1517105775793,295.05224609375,294.5488502616654,99.25733693440755,521.5457247616251,396.861172
914.1818006158364,295.04888916015625,294.5536530413863,99.26933288574219,522.047384281243,396.961135
914.2088215536069,295.04888916015625,294.5537360066192,99.26945495605469,522.5443176968222,397.061146
914.0448296290474,295.04888916015625,294.5604110005834,99.27927652994792,523.0424264160157,397.161133
913.9982530316418,295.04888916015625,294.5604490234718,99.27933247884114,523.538191050585,397.261261
913.9180110325939,295.03546142578125,294.54689184298303,99.27910614013672,524.0331191689894,397.361113
913.9548108770742,295.038818359375,294.558550002974,99.2913309733073,524.5275473780573,397.461147
913.831126889045,295.0321044921875,294.5518170105595,99.29128519694011,525.0237961054759,397.561184
913.8063012697754,295.025390625,294.5516830354425,99.3009516398112,525.5138062786073,397.661121
913.7572114842992,295.025390625,294.55839041635386,99.31082407633464,526.0051422969302,397.761159
913.7320937403143,295.0186767578125,294.55168819829777,99.31082407633464,526.5019914884558,397.86114
913.4629890986482,295.01531982421875,294.5566261493204,99.32302602132161,526.9978846710791,397.961167
913.4540837973041,295.01531982421875,294.55653113523726,99.32288614908855,527.4916670915153,398.061326
913.456907224305,295.011962890625,294.5596474823169,99.33240763346355,527.9776989940817,398.161212
913.5348227221115,295.00523885091144,294.56128950387864,99.34470876057942,528.4604378328676,398.261208
913.3295869412666,294.99852498372394,294.567952038755,99.36439005533855,528.9470108695654,398.361124
913.4115716694873,294.9951680501302,294.56447786872155,99.3642094930013,529.4382646962621,398.461127
913.1901691662206,295.0018819173177,294.57949220355835,99.37644958496094,529.9279472081383,398.561135
913.2987682610708,294.97838338216144,294.5559580311258,99.3763427734375,530.4195825292164,398.661165
913.0545980825128,294.97837320963544,294.5559858596862,99.37639872233073,530.9091236742277,398.761158
912.9449960416458,294.9750264485677,294.5525148583091,99.37620798746745,531.3963918474471,398.861181
912.7237075734731,294.97166951497394,294.5492547025249,99.3763427734375,531.8860399306046,398.961243
912.9296503327442,294.9683024088542,294.5458928816164,99.3763427734375,532.3758459559343,399.061203
912.7603152336096,294.9683024088542,294.552615746678,99.38624572753906,532.8683641296026,399.161273
912.7806125045311,294.96494547526044,294.54926054570217,99.38624064127605,533.3675875865355,399.261127
912.8443694094352,294.9615885416667,294.545815573999,99.38610331217448,533.8693144451893,399.361166
912.8575894773779,294.95151774088544,294.5441946271299,99.39852905273438,534.3696664865977,399.461215
912.7205072342299,294.9615885416667,294.56112537773254,99.40865834554036,534.8730247127106,399.561103
912.4845764643455,294.9548746744792,294.5542747894441,99.40844217936198,535.3712681515988,399.661132
912.5330199076853,294.93809000651044,294.5590278674369,99.44014485677083,535.8749128393738,399.761183
912.5783585724957,294.9347330729167,294.5492083048982,99.4306131998698,536.3806123171235,399.861158
912.4192040574862,294.9347330729167,294.5559310345191,99.44052124023438,536.8835328589571,399.961201
912.4985020629775,294.93137613932294,294.5607985464405,99.45263671875,537.3855794836477,400.0613
912.2405782338022,294.91794840494794,294.5605845245279,99.47208913167317,537.8898470123374,400.161161
912.4163676942576,294.91794840494794,294.5605845245279,99.47208913167317,538.3992227440699,400.261184
912.1416258919198,294.91794840494794,294.5604275526215,99.47185770670573,538.9068434083359,400.36116
912.2150539538156,294.9145914713542,294.5654837987393,99.48425547281902,539.4201267748143,400.461183
911.9928810642236,294.91123453776044,294.5768870883994,99.50601450602214,539.9406394555534,400.561154
912.1736149063494,294.9145914713542,294.58025192199085,99.5060323079427,540.4601911889255,400.66112
911.9582180422888,294.9011535644531,294.5734522277349,99.5157979329427,540.9763615244882,400.76117
911.9655410154883,294.8977966308594,294.5700407576879,99.51571146647136,541.4965591974059,400.861235
911.6945629117354,294.8910827636719,294.56312298918584,99.51539866129558,542.0164355840814,400.961307
911.7313035212104,294.8944396972656,294.5665585948173,99.51552073160808,542.5343260831085,401.061201
911.7738417421875,294.8944396972656,294.5665516978171,99.51551055908203,543.0468656336387,401.161222
911.713125704455,294.8742980957031,294.55281538834055,99.52492268880208,543.5555382251202,401.26118
911.6932728014343,294.8742980957031,294.55281538834055,99.52492268880208,544.0558101201138,401.361153
911.6788619930144,294.8843688964844,294.56274829832284,99.52473704020183,544.5571376423786,401.461176
911.6519325270024,294.8709411621094,294.5577647588733,99.53717041015625,545.0509529826973,401.561162
911.6803468586878,294.8675842285156,294.56107051495076,99.54699452718098,545.5464032416917,401.661169
911.5153334081755,294.8675842285156,294.5759910873618,99.56901041666667,546.0397424979968,401.761156
911.3742443362518,294.8575134277344,294.572562292121,99.57879638671875,546.5336401763401,401.861169
911.4744233778368,294.8642272949219,294.5874885077532,99.59092712402344,547.0276900837587,401.961153
911.3755336223355,294.8541564941406,294.58396839080433,99.60058085123698,547.5201829630495,402.061123
911.2599823076077,294.8507995605469,294.58885492743246,99.6127446492513,548.0179987603651,402.161097
911.1990606042095,294.8440856933594,294.58877100882967,99.62252298990886,548.5156139306517,402.261282
911.2004249947494,294.8507995605469,294.6021067606548,99.63230895996094,549.0204686419677,402.361125
911.2561380834883,294.8273010253906,294.57841466047785,99.63199106852214,549.5266399958201,402.46113
910.9689003420694,294.8273010253906,294.57841466047785,99.63199106852214,550.0322018835054,402.561165
911.1085141722817,294.8205871582031,294.58666537725,99.65408070882161,550.5395604489532,402.661115
910.9956919598194,294.8239440917969,294.5981038322548,99.66602071126302,551.0407297865338,402.761152
910.9494725398483,294.8172302246094,294.5913318951123,99.66592661539714,551.5453422292795,402.861151
910.8675235090783,294.8004455566406,294.5894768899051,99.68796030680339,552.0446737200606,402.961173
910.8605333593587,294.8071594238281,294.6028490051287,99.6978047688802,552.5428154920504,403.061197
910.7981899829584,294.7937316894531,294.5892782793603,99.69757843017578,553.0366344837328,403.161234
910.6407975001,294.7937316894531,294.5959581906114,99.7074483235677,553.5276437923366,403.261193
910.7604858129947,294.7903747558594,294.6073678130002,99.72926584879558,554.0188017716836,403.361133
910.6698507675335,294.7702331542969,294.58063395688913,99.71950276692708,554.5165882198627,403.461237
910.5192099464897,294.7769470214844,294.60904735404876,99.75158182779948,555.0117917294854,403.561154
910.4954706347982,294.7601623535156,294.58548963132705,99.7415542602539,555.5130885905021,403.661172
910.5002299860429,294.7601623535156,294.58548963132705,99.7415542602539,556.0135187232286,403.761141
910.5573037418471,294.7635192871094,294.59564176504296,99.75160217285156,556.5156735774688,403.86113
910.4211100128508,294.7601623535156,294.59869838308595,99.76108042399089,557.0230257855202,403.961155
910.3848197863973,294.7568054199219,294.60349163638034,99.77312723795573,557.5246372912834,404.061177
910.3682448083791,294.7500915527344,294.60341191977653,99.78293100992839,558.026051508698,404.161129
910.2528161314679,294.7500915527344,294.6183029994622,99.80495198567708,558.5263240932636,404.261186
910.2286607804641,294.7366638183594,294.61141912752447,99.81462097167969,559.0277770759906,404.361189
910.1769123345755,294.7265930175781,294.6013495783899,99.81461588541667,559.5253028022291,404.46116
910.0943866600746,294.7265930175781,294.60127564821113,99.81450653076172,560.0241556124599,404.561204
910.0686741331422,294.7198791503906,294.60284450600295,99.82675425211589,560.5194191533305,404.661187
909.9243626012652,294.7098083496094,294.599387561869,99.83653259277344,561.0156216157034,404.761179
909.7824789841741,294.7098083496094,294.60758985468476,99.84866841634114,561.5143751148776,404.861137
909.8413345517112,294.7098083496094,294.60758985468476,99.84866841634114,562.0154248599591,404.961147
909.8098746874218,294.7064514160156,294.61088202997814,99.85850524902344,562.5156636359816,405.06128
909.7133302210957,294.7030944824219,294.6222774550413,99.88033548990886,563.0161710179173,405.161146
909.5349048976923,294.6930236816406,294.6187937511855,99.89008076985677,563.5164196668273,405.261294
909.6345768088031,294.6863098144531,294.6120490940148,99.89003245035808,564.0154170312019,405.361138
909.6121511731773,294.6795959472656,294.62023635098126,99.91208902994792,564.5093338477574,405.461155
909.5637590977415,294.6728820800781,294.6069054008237,99.90229034423828,565.0080279307593,405.561129
909.4803314601335,294.6661682128906,294.62170420898093,99.93414052327473,565.5018313470018,405.661144
909.4355911076402,294.6628112792969,294.61813144317574,99.93382008870442,566.000055831839,405.761169
909.3508108171204,294.6560974121094,294.61795457173224,99.94349924723308,566.4984690265961,405.86119
909.323829469624,294.6527404785156,294.6229397558931,99.95585378011067,566.9949747753927,405.961151
909.3531874700144,294.6426696777344,294.6197925477373,99.96610768636067,567.4891382577429,406.061213
909.1753715340841,294.6393127441406,294.6161303094777,99.96565500895183,567.9779688667928,406.161197
909.0892446463963,294.6393127441406,294.6161303094777,99.96565500895183,568.4678822006476,406.26127
909.2006757433784,294.6393127441406,294.6160461861183,99.96553039550781,568.9651923563548,406.361132
909.046354826068,294.6225280761719,294.60760229817595,99.97788492838542,569.4651919495126,406.461168
909.0116882667129,294.6191711425781,294.61097232821254,99.98785146077473,569.9723505875692,406.561143
909.0463525496504,294.6258850097656,294.62417215094496,99.99746195475261,570.4855664211802,406.661128
909.0001304307536,294.6091003417969,294.60910034179693,100.0,570.9972945998669,406.761175
908.8279086265518,294.6124572753906,294.61245727539074,100.0,571.505096384257,406.861176
908.848152408473,294.6158142089844,294.6158142089844,100.0,572.014778556619,406.96114
908.6794203470131,294.5990295410156,294.5990295410157,100.0,572.5205024338902,407.061186
908.708414041802,294.5889587402344,294.58895874023443,100.0,573.0295455750775,407.161116
908.5669221766983,294.5856018066406,294.5856018066407,100.0,573.5347426727769,407.261311
908.5817101406918,294.5856018066406,294.5856018066407,100.0,574.0332034739083,407.361165
908.4713307707623,294.5856018066406,294.5856018066407,100.0,574.5247483104345,407.461143
908.4987710587225,294.5856018066406,294.5856018066407,100.0,575.016564950076,407.561119
908.5244059382212,294.5788879394531,294.5788879394532,100.0,575.5032136463361,407.661192
908.3089016966305,294.5721740722656,294.5721740722657,100.0,575.9912440367194,407.761128
908.3005109706318,294.5621032714844,294.5621032714844,100.0,576.4812810769698,407.861197
908.1069428367028,294.5587463378906,294.5587463378907,100.0,576.9728441734878,407.961153
908.2040539741319,294.5520324707031,294.5520324707031,100.0,577.4672203104041,408.061133
908.155379895799,294.5520324707031,294.5520324707031,100.0,577.9636154922935,408.161157
908.1190602360277,294.5587463378906,294.5587463378907,100.0,578.4641214319755,408.261252
907.9942507572653,294.5453186035156,294.5453186035157,100.0,578.9579156019211,408.361142
907.9083670693419,294.5453186035156,294.5453186035157,100.0,579.4573818392871,408.461166
907.8645434534684,294.5453186035156,294.5453186035157,100.0,579.951080534331,408.561126
907.8214996331668,294.5285339355469,294.5285339355469,100.0,580.4444784838158,408.66112
907.674146822741,294.5285339355469,294.5285339355469,100.0,580.9366931343405,408.761126
907.7793405045252,294.5218200683594,294.5218200683594,100.0,581.4298915690414,408.861171
907.6395589290224,294.5184631347656,294.5184631347656,100.0,581.9196349879716,408.961134
907.6582199504093,294.5184631347656,294.5184631347656,100.0,582.4136905071314,409.061165
907.5447677088961,294.5117492675781,294.5117492675781,100.0,582.9060298785828,409.161145
907.4256809722708,294.5117492675781,294.5117492675781,100.0,583.4029839436838,409.26129
907.4996309412804,294.5117492675781,294.5117492675781,100.0,583.9014257675456,409.361172
907.267839204784,294.5050354003906,294.5050354003906,100.0,584.3993228711713,409.461191
907.4448463128845,294.5016784667969,294.50167846679693,100.0,584.8919759729096,409.561124
907.3366713777586,294.4882507324219,294.488250732422,100.0,585.390785869939,409.661162
907.1776636395371,294.4882507324219,294.488250732422,100.0,585.8899787658161,409.761182
907.2228921047141,294.4882507324219,294.488250732422,100.0,586.3902742741743,409.861156
907.1475518062833,294.4882507324219,294.488250732422,100.0,586.8944104234473,409.961156
907.1127209274591,294.4815266927083,294.48152669270826,100.0,587.4022223024517,410.061327
906.9604014109375,294.4748128255208,294.47481282552076,100.0,587.9099450493901,410.161135
906.9650951278495,294.4680989583333,294.4680989583333,100.0,588.4216156826633,410.26129
907.1285834879269,294.4680989583333,294.4680989583333,100.0,588.937480606849,410.361128
906.9215208472936,294.45801798502606,294.45801798502595,100.0,589.4520388523312,410.461134
906.8463934100911,294.4546610514323,294.45466105143225,100.0,589.9669695331798,410.561114
906.8976264237375,294.45801798502606,294.45801798502595,100.0,590.4804942609478,410.661228
906.7855871588135,294.4412333170573,294.44123331705725,100.0,590.9929540453434,410.761125
906.6772116192061,294.4412333170573,294.44123331705725,100.0,591.5044603879556,410.861176
906.6977535920366,294.4412333170573,294.44123331705725,100.0,592.0144619388824,410.961163
906.5560217140026,294.43787638346356,294.43787638346345,100.0,592.5210499452813,411.061132
906.6157661436936,294.4345194498698,294.4345194498697,100.0,593.0227443180182,411.161179
906.5411990339392,294.42444864908856,294.4244486490884,100.0,593.5248352073966,411.261234
906.4191807900768,294.43116251627606,294.43116251627606,100.0,594.0240924769683,411.361164
906.4954716238504,294.4278055826823,294.42780558268225,100.0,594.5255249019777,411.461176
906.3862293113976,294.4210917154948,294.4210917154947,100.0,595.0266326230931,411.561175
906.374490889558,294.40765380859375,294.4076538085938,100.0,595.5246424675561,411.661151
906.1912772098326,294.40093994140625,294.4009399414063,100.0,596.0269853002296,411.761211
906.2152626130271,294.40093994140625,294.4009399414063,100.0,596.5233054255557,411.86117
906.2356569081645,294.3975830078125,294.39758300781256,100.0,597.0195365860134,411.96115
906.1999790525019,294.3975830078125,294.39758300781256,100.0,597.5144646823247,412.061363
906.0511681109083,294.3975830078125,294.39758300781256,100.0,598.0124978376791,412.161182
906.0554138039829,294.39422607421875,294.39422607421875,100.0,598.5061693673206,412.261125
906.1073256971738,294.38751220703125,294.38751220703125,100.0,599.0140560958013,412.361167
906.075522648541,294.38751220703125,294.38751220703125,100.0,599.5216925640782,412.46119
905.8761122075292,294.3841552734375,294.3841552734375,100.0,600.0328795349495,412.561161
905.8401477531062,294.38751220703125,294.38751220703125,100.0,600.5402370682032,412.66119
905.689025181508,294.38079833984375,294.38079833984375,100.0,601.0502189551797,412.761139
905.7058446171617,294.3707275390625,294.37072753906256,100.0,601.5551053326932,412.861171
905.7829684687332,294.3707275390625,294.37072753906256,100.0,602.059200900687,412.961155
905.7135190292825,294.37408447265625,294.3740844726563,100.0,602.5610228302817,413.061177
905.6161298818168,294.36065673828125,294.36065673828125,100.0,603.0614251355507,413.161169
905.5602232651805,294.36065673828125,294.36065673828125,100.0,603.5579072175634,413.26116
905.6292264862328,294.36065673828125,294.36065673828125,100.0,604.056633593435,413.36116
905.5808496417749,294.3572998046875,294.35729980468756,100.0,604.5549288153978,413.461152
905.5027132398701,294.34722900390625,294.34722900390625,100.0,605.0495537963785,413.561184
905.3217931198537,294.3438720703125,294.34387207031256,100.0,605.5460099220667,413.66114
905.3720359008653,294.34051513671875,294.3405151367188,100.0,606.0445693516224,413.761135
905.2362161940201,294.337158203125,294.337158203125,100.0,606.5450604546319,413.861182
905.1781829171207,294.3304443359375,294.33044433593756,100.0,607.0464744119721,413.961181
905.1398674539596,294.32708740234375,294.32708740234386,100.0,607.5471831194556,414.061179
905.0690037251159,294.32037353515625,294.32037353515636,100.0,608.0434814683694,414.161249
905.0808971903047,294.3170166015625,294.31701660156256,100.0,608.5371180829665,414.261209
905.0173821485713,294.3170166015625,294.31701660156256,100.0,609.0334834205343,414.361155
905.0508447738621,294.30694580078125,294.3069458007813,100.0,609.5306310003297,414.461154
904.8566496209373,294.30694580078125,294.3069458007813,100.0,610.0270490057106,414.56111
904.9068916305732,294.3035888671875,294.30358886718756,100.0,610.5270962904086,414.661172
904.8722654719943,294.296875,294.296875,100.0,611.0329359612184,414.761218
904.7552916743729,294.3035888671875,294.30358886718756,100.0,611.5360257437801,414.861135
904.7886942131901,294.28680419921875,294.2868041992188,100.0,612.0413216905388,414.961161
904.6913802007928,294.283447265625,294.2834472656251,100.0,612.5509482357227,415.061174
904.6092491893161,294.283447265625,294.2834472656251,100.0,613.0518234784649,415.161201
904.6270074785375,294.283447265625,294.2834472656251,100.0,613.5489008646666,415.261142
904.4791762000979,294.27001953125,294.27001953125006,100.0,614.0491795566218,415.361186
904.4791030889979,294.26666259765625,294.26666259765625,100.0,614.5460082854036,415.461178
904.5419936129562,294.26666259765625,294.26666259765625,100.0,615.0468921847979,415.561188
904.3102914278468,294.2633056640625,294.26330566406256,100.0,615.5455546423743,415.66116
904.2681729159996,294.25994873046875,294.2599487304688,100.0,616.043462149323,415.761182
904.1838606477233,294.25994873046875,294.2599487304688,100.0,616.5426838450165,415.861153
904.1803656526508,294.256591796875,294.25659179687506,100.0,617.0451880561149,415.961106
904.1094799226604,294.2498779296875,294.24987792968756,100.0,617.5496222438774,416.061197
903.9908107799425,294.2364501953125,294.23645019531256,100.0,618.0523660332991,416.161122
903.998235061019,294.2364501953125,294.23645019531256,100.0,618.5513181427211,416.261151
903.9738647981665,294.23309326171875,294.2330932617188,100.0,619.050357878263,416.361161
903.7661106555097,294.22637939453125,294.22637939453125,100.0,619.5492433213968,416.461128
903.8470703222644,294.2230224609375,294.2230224609375,100.0,620.0478736957125,416.561168
903.6935284532069,294.21630859375,294.21630859375006,100.0,620.5461218873821,416.661124
903.8538074926905,294.2095947265625,294.20959472656256,100.0,621.0430351505689,416.761157
903.709476978567,294.202880859375,294.20288085937506,100.0,621.5381112516793,416.861211
903.5264610758227,294.202880859375,294.20288085937506,100.0,622.0290165224533,416.961151
903.5353460943983,294.202880859375,294.20288085937506,100.0,622.5209432346942,417.061119
903.6700304074947,294.202880859375,294.20288085937506,100.0,623.0115920069177,417.161319
903.5491642963061,294.19952392578125,294.19952392578125,100.0,623.5032280025039,417.261156
903.4576216245738,294.189453125,294.189453125,100.0,623.9992207559998,417.361111
903.396911982674,294.19281005859375,294.1928100585938,100.0,624.4905076306474,417.461156
903.3413095082678,294.1827392578125,294.1827392578125,100.0,624.9840998455587,417.56111
903.1754902849159,294.176025390625,294.17602539062506,100.0,625.4773979954438,417.661182
903.1911459954837,294.1827392578125,294.1827392578125,100.0,625.9728634895338,417.761191
903.2554143618705,294.176025390625,294.17602539062506,100.0,626.4654930165087,417.861153
903.0934817718746,294.176025390625,294.17602539062506,100.0,626.9630687217458,417.961161
903.1460473432691,294.176025390625,294.17602539062506,100.0,627.4616346145699,418.061288
902.9848386709533,294.16259765625,294.16259765625006,100.0,627.9635096752116,418.161207
903.0505353121059,294.16259765625,294.16259765625006,100.0,628.4606677415202,418.261168
902.9464665998596,294.16259765625,294.16259765625006,100.0,628.9630262792281,418.361122
902.9513849017443,294.15924072265625,294.1592407226563,100.0,629.4673999313197,418.461202
902.7837700593964,294.149169921875,294.149169921875,100.0,629.9722266194008,418.561158
902.850137015098,294.15924072265625,294.1592407226563,100.0,630.4735280147688,418.661138
902.6239771473533,294.15252685546875,294.15252685546875,100.0,630.9700140877522,418.761134
902.5577389715077,294.149169921875,294.149169921875,100.0,631.4640383787413,418.861129
902.6108144630582,294.14581298828125,294.14581298828125,100.0,631.9561256069314,418.961165
902.4390048297954,294.149169921875,294.149169921875,100.0,632.4459953279106,419.06114
902.2805078687521,294.14581298828125,294.14581298828125,100.0,632.9327696651881,419.161162
902.333771345304,294.1357421875,294.13574218750006,100.0,633.4181256672094,419.261237
902.4180048827344,294.1357421875,294.13574218750006,100.0,633.9066776293179,419.361113
902.4285085326773,294.13238525390625,294.1323852539063,100.0,634.3973121891568,419.461128
902.224590275021,294.13238525390625,294.1323852539063,100.0,634.8957870103899,419.561123
902.2795789174774,294.13238525390625,294.1323852539063,100.0,635.3943911980945,419.661164
902.098619650977,294.12567138671875,294.1256713867188,100.0,635.894373566685,419.761131
902.1022116344644,294.1290283203125,294.12902832031256,100.0,636.4001947501799,419.861462
901.8204377627835,294.11895751953125,294.11895751953125,100.0,636.9066760108902,419.961122
901.9946707574211,294.12567138671875,294.1256713867188,100.0,637.4180658111096,420.061148
901.8292371788542,294.1156005859375,294.1156005859375,100.0,637.9283300203839,420.161222
901.9652357924159,294.1156005859375,294.1156005859375,100.0,638.4424944825532,420.261148
901.8863346499417,294.10552978515625,294.10552978515636,100.0,638.9533675376825,420.361136
901.7613650450684,294.10552978515625,294.10552978515636,100.0,639.4674825738648,420.461132
901.6168613001998,294.10552978515625,294.10552978515636,100.0,639.9780245852301,420.561171
901.6241903116726,294.1021728515625,294.1021728515625,100.0,640.4872345902223,420.661161
901.5259628733974,294.10552978515625,294.10552978515636,100.0,640.9900927417461,420.761157
901.3985329008253,294.10552978515625,294.10552978515636,100.0,641.4975383343941,420.861455
901.3797858865162,294.09881591796875,294.09881591796875,100.0,642.0012849438156,420.961128
901.1857749763116,294.095458984375,294.0954589843751,100.0,642.5047372610235,421.061155
901.2590710596535,294.0887451171875,294.0887451171875,100.0,643.0038220219117,421.161155
901.3016044553243,294.0887451171875,294.0887451171875,100.0,643.4969040044665,421.261145
901.1381603601064,294.08538818359375,294.0853881835938,100.0,643.9918698407263,421.361172
901.1833891284939,294.07867431640625,294.07867431640636,100.0,644.4843512635631,421.461228
901.1976994676531,294.08203125,294.08203125000006,100.0,644.9750538492752,421.561149
901.0760816479857,294.0753173828125,294.0753173828126,100.0,645.466226494572,421.661162
901.0990210492496,294.0753173828125,294.0753173828126,100.0,645.9612021168883,421.76112
900.9541232035663,294.0753173828125,294.0753173828126,100.0,646.4575390461206,421.861352
900.8973177830946,294.07196044921875,294.0719604492188,100.0,646.9567511263994,421.96114
900.7952535283064,294.0753173828125,294.0753173828126,100.0,647.4558529605986,422.06119
900.6856516993778,294.0753173828125,294.0753173828126,100.0,647.959082757406,422.161129
900.7117545689164,294.06524658203125,294.06524658203136,100.0,648.4599770084773,422.261146
900.9224829661654,294.06524658203125,294.06524658203136,100.0,648.9660584331942,422.361192
900.6349116580107,294.068603515625,294.06860351562506,100.0,649.4770122080427,422.461137
900.6470246714146,294.06524658203125,294.06524658203136,100.0,649.9895899186081,422.561172
900.6151223628019,294.0618896484375,294.0618896484375,100.0,650.5031619116095,422.661153
900.6490579867016,294.0618896484375,294.0618896484375,100.0,651.0153620686187,422.761116
900.480302861465,294.0484619140625,294.0484619140625,100.0,651.5330631923016,422.861221
900.5231740345833,294.0484619140625,294.0484619140625,100.0,652.0426890001949,422.961133
900.3225276249099,294.04510498046875,294.04510498046875,100.0,652.5555051747424,423.061162
900.3419814142896,294.03839111328125,294.03839111328125,100.0,653.0654472863472,423.161158
900.2511903486576,294.03839111328125,294.03839111328125,100.0,653.577184054985,423.261292
900.2351273482659,294.03167724609375,294.0316772460938,100.0,654.0928328539229,423.361119
900.0650678008736,294.02496337890625,294.02496337890625,100.0,654.6106409031019,423.461246
900.173403044952,294.03167724609375,294.0316772460938,100.0,655.1262880359421,423.561159
900.0209609010299,294.01824951171875,294.01824951171875,100.0,655.6410886337628,423.661176
899.9809828486126,294.01153564453125,294.0115356445313,100.0,656.1556872096866,423.761132
900.0177353979835,294.01488240559894,294.014882405599,100.0,656.6667153240013,423.861263
899.8056472066755,294.00145467122394,294.0014546712239,100.0,657.1707543542483,423.961163
899.8752993012345,293.9980977376302,293.9980977376302,100.0,657.6669312360298,424.061141
899.7656116174298,293.9980977376302,293.9980977376302,100.0,658.1579025864066,424.161162
899.8700558606334,293.9980977376302,293.9980977376302,100.0,658.6408191890023,424.261183
899.5668822234642,293.9913838704427,293.99138387044275,100.0,659.1260587359649,424.361168
899.6707397630173,293.9779561360677,293.97795613606763,100.0,659.609663235172,424.461193
899.6435211704234,293.98131306966144,293.9813130696614,100.0,660.0913252774334,424.561143
899.6389444818647,293.97459920247394,293.97459920247394,100.0,660.5767191373442,424.661138
899.4405799888128,293.96787516276044,293.9678751627604,100.0,661.0647165574957,424.76118
899.4531709598865,293.9578043619792,293.9578043619791,100.0,661.5532014274279,424.861157
899.3680093408781,293.95444742838544,293.9544474283853,100.0,662.0515178521647,424.961089
899.3552814147089,293.9443766276042,293.94437662760413,100.0,662.551044993344,425.061194
899.3088992489196,293.9376627604167,293.9376627604166,100.0,663.053079327762,425.161149
899.1705576835046,293.9376627604167,293.9376627604166,100.0,663.5556951022315,425.261136
899.1287879435944,293.9376627604167,293.9376627604166,100.0,664.0580963789529,425.361143
899.0720527590462,293.9309488932292,293.9309488932291,100.0,664.5553440111277,425.461151
899.1228131015083,293.9242350260417,293.92423502604163,100.0,665.0556836957428,425.5612
898.9788660318787,293.91416422526044,293.9141642252604,100.0,665.5620292834561,425.661183
898.9182257306586,293.90745035807294,293.9074503580729,100.0,666.0685478845373,425.761142
898.785251912452,293.8973795572917,293.8973795572916,100.0,666.5742209536049,425.861144
898.9312894809389,293.90073649088544,293.9007364908854,100.0,667.0762961772635,425.961133
898.8559685175674,293.8940124511719,293.89401245117193,100.0,667.5744772394186,426.061236
898.6985839076832,293.8872985839844,293.88729858398443,100.0,668.073439129336,426.161124
898.6564111900066,293.8772277832031,293.8772277832031,100.0,668.5753819834706,426.261135
898.5903754427726,293.8772277832031,293.8772277832031,100.0,669.0800799644155,426.361159
898.5755076488134,293.8638000488281,293.8638000488281,100.0,669.5831750848183,426.46114
898.6594236990484,293.8638000488281,293.8638000488281,100.0,670.0842938096154,426.561207
898.509611907871,293.8537292480469,293.85372924804693,100.0,670.5813644491167,426.661112
898.3006825510761,293.8503723144531,293.85037231445307,100.0,671.0801796579976,426.761194
898.4173977574828,293.8470153808594,293.84701538085943,100.0,671.5788233275698,426.861202
898.2935546207412,293.8403015136719,293.8403015136719,100.0,672.0771289051764,426.961146
898.2790406826022,293.8436584472656,293.8436584472657,100.0,672.5698755241953,427.061119
898.2982108166368,293.8335876464844,293.83358764648443,100.0,673.0573405120447,427.16115
898.1201118768128,293.8134460449219,293.8134460449219,100.0,673.5467334597726,427.261252
898.0145415660527,293.8100891113281,293.8100891113281,100.0,674.0398737523147,427.361137
898.1773393741632,293.8100891113281,293.8100891113281,100.0,674.5389894064837,427.461168
898.0290674455705,293.8033752441406,293.8033752441407,100.0,675.0374516850836,427.561118
897.8815745828274,293.7933044433594,293.7933044433594,100.0,675.5393248336089,427.661119
897.9904321689614,293.7933044433594,293.7933044433594,100.0,676.0397937577883,427.761148
897.9034086414332,293.8033752441406,293.8033752441407,100.0,676.5433951605144,427.861163
897.8887814426062,293.7865905761719,293.7865905761719,100.0,677.0480643602858,427.961177
897.8777778788789,293.7832336425781,293.7832336425782,100.0,677.5530916443494,428.06115
897.6306948561872,293.7731628417969,293.7731628417968,100.0,678.0583322976896,428.161158
897.6205463862943,293.7630920410156,293.7630920410156,100.0,678.5652472303681,428.261244
897.4944383886366,293.7530212402344,293.7530212402344,100.0,679.0686978542268,428.361153
897.5658590265625,293.7463073730469,293.7463073730469,100.0,679.5751723302922,428.461128
897.5012138207059,293.7463073730469,293.7463073730469,100.0,680.0856073212041,428.561107
897.4365167814759,293.7362365722656,293.7362365722656,100.0,680.5964112419193,428.661146
897.4612943190654,293.7295227050781,293.7295227050781,100.0,681.1045205046287,428.761147
897.4571062528441,293.7261657714844,293.72616577148443,100.0,681.6169384370078,428.861155
897.1974987756979,293.7261657714844,293.72616577148443,100.0,682.1296505948912,428.961102
897.2560000419262,293.7228088378906,293.7228088378907,100.0,682.6369220597634,429.061097
897.2772863893998,293.7160949707031,293.7160949707031,100.0,683.1426485464256,429.161137
897.1686131384241,293.7228088378906,293.7228088378907,100.0,683.6461711122936,429.261107
897.0887312093149,293.7060241699219,293.7060241699219,100.0,684.1451036278237,429.361119
897.0877753731278,293.6959533691406,293.6959533691407,100.0,684.6464676965937,429.461205
897.0800336298272,293.6993103027344,293.69931030273443,100.0,685.1432687414464,429.561135
896.9523920245102,293.6892395019531,293.6892395019531,100.0,685.6469508434241,429.661108
896.9300067596454,293.6858825683594,293.6858825683594,100.0,686.151641791074,429.761291
896.8994406560163,293.6825256347656,293.6825256347656,100.0,686.6538936346793,429.861139
896.8035344445708,293.6724548339844,293.67245483398443,100.0,687.1539843282889,429.961118
896.7886538679277,293.6623840332031,293.66238403320324,100.0,687.6464478295374,430.061143
896.6879947333778,293.6623840332031,293.66238403320324,100.0,688.1373266949923,430.161136
896.5851172456863,293.6590270996094,293.6590270996094,100.0,688.6248378505776,430.261131
896.5837055822959,293.6690979003906,293.6690979003907,100.0,689.1072773235801,430.361146
896.5928057366208,293.6489562988281,293.6489562988282,100.0,689.5932589949799,430.461181
896.4868748937574,293.6523132324219,293.65231323242193,100.0,690.0767911329119,430.561131
896.3948044509422,293.6355285644531,293.6355285644531,100.0,690.568796512041,430.661213
896.3920883739332,293.6355285644531,293.6355285644531,100.0,691.0588989495956,430.761109
896.3398707020469,293.6355285644531,293.6355285644531,100.0,691.5471093021512,430.86116
896.2021373239327,293.6288146972656,293.62881469726574,100.0,692.0353183320925,430.961131
896.1668060696688,293.6254577636719,293.6254577636719,100.0,692.5224471988827,431.061159
896.1729056025665,293.6187438964844,293.6187438964844,100.0,693.012161033794,431.161156
896.1315740122382,293.6053161621094,293.60531616210943,100.0,693.5028999553009,431.26125
896.0460848646192,293.5986022949219,293.59860229492193,100.0,693.99050732863,431.361143
895.8646856536604,293.6019592285156,293.6019592285156,100.0,694.4817121843428,431.461119
895.909100495991,293.5918884277344,293.5918884277344,100.0,694.969529848509,431.561193
895.8341617324945,293.5818176269531,293.5818176269532,100.0,695.4565665687172,431.661146
895.8892544560215,293.5885314941406,293.5885314941407,100.0,695.9477972755043,431.761153
895.7717642695338,293.5784606933594,293.5784606933595,100.0,696.4453207012546,431.861146
895.7809133687832,293.5683898925781,293.5683898925781,100.0,696.9395181841502,431.961125
895.6744831376008,293.5616760253906,293.5616760253907,100.0,697.4363852630116,432.061129
895.7405258596351,293.5516052246094,293.55160522460943,100.0,697.9358644787845,432.161109
895.4564173092076,293.5415344238281,293.5415344238282,100.0,698.4403162633869,432.261184
895.5237459338291,293.5314636230469,293.53146362304693,100.0,698.9478404949218,432.361155
895.5398936127644,293.5314636230469,293.53146362304693,100.0,699.4556479368654,432.461135
895.3946336670435,293.5247497558594,293.52474975585943,100.0,699.970271094169,432.561117
895.3895988894287,293.5247497558594,293.52474975585943,100.0,700.4822532988924,432.661162
895.278967751812,293.5180358886719,293.5180358886719,100.0,700.9917453533076,432.761124
895.3652940244456,293.5247497558594,293.52474975585943,100.0,701.500809917486,432.861124
895.1863378436115,293.5113220214844,293.51132202148443,100.0,702.0086668180858,432.961151
895.1541278552054,293.5180358886719,293.5180358886719,100.0,702.514684482849,433.061222
895.0600566794118,293.5113220214844,293.51132202148443,100.0,703.0189647742046,433.161187
895.0906570614203,293.49452718098956,293.4945271809896,100.0,703.5248851576296,433.261266
895.042753937515,293.48781331380206,293.48781331380206,100.0,704.0311447299116,433.361117
894.9673446586753,293.4911702473958,293.49117024739576,100.0,704.5373240558872,433.46111
894.9903654693736,293.4844462076823,293.48444620768225,100.0,705.0430216970424,433.561135
894.8473609584216,293.47437540690106,293.47437540690095,100.0,705.5479584941064,433.661186
894.8116163708256,293.47437540690106,293.47437540690095,100.0,706.052810443452,433.761133
894.7722204958362,293.4710184733073,293.4710184733072,100.0,706.5558622284173,433.86118
894.8223674796034,293.45423380533856,293.4542338053385,100.0,707.0565079740078,433.961106
894.6765429378617,293.45423380533856,293.4542338053385,100.0,707.5595632837984,434.061172
894.5092882851154,293.45423380533856,293.4542338053385,100.0,708.0623982509464,434.161128
894.4831559841203,293.4508768717448,293.4508768717447,100.0,708.5643393596793,434.26124
894.5102739585521,293.4508768717448,293.4508768717447,100.0,709.0682147092233,434.361118
894.3780377862275,293.43409220377606,293.43409220377595,100.0,709.5744322118917,434.461133
894.3621888947963,293.43409220377606,293.43409220377595,100.0,710.0837515266908,434.561135
894.4091908908975,293.42737833658856,293.4273783365885,100.0,710.593856264736,434.661126
894.2979794165043,293.4240214029948,293.4240214029947,100.0,711.1009683417868,434.76116
894.2319695448941,293.42066446940106,293.420664469401,100.0,711.6026582737742,434.861123
894.03837525,293.41395060221356,293.41395060221345,100.0,712.1050129330639,434.961324
894.0472464040864,293.41395060221356,293.41395060221345,100.0,712.6055933171801,435.06111
894.0038605398096,293.42066446940106,293.420664469401,100.0,713.1074142282222,435.161189
894.0578756191738,293.4038798014323,293.4038798014323,100.0,713.5979371357632,435.261165
893.7940914876873,293.4038798014323,293.4038798014323,100.0,714.0910597303734,435.361108
893.8871588108403,293.3904520670573,293.39045206705725,100.0,714.5809617702379,435.461148
893.7354956769647,293.3904520670573,293.39045206705725,100.0,715.0726003188635,435.561161
893.8847493033927,293.3904520670573,293.39045206705725,100.0,715.5698817761073,435.661137
893.76148711542,293.3837381998698,293.3837381998697,100.0,716.0686729015035,435.761138
893.5935611704223,293.3837381998698,293.3837381998697,100.0,716.5666940298364,435.861144
893.6466106223327,293.3837381998698,293.3837381998697,100.0,717.0709765436619,435.961116
893.6158243506469,293.3837381998698,293.3837381998697,100.0,717.5788052912009,436.061296
893.51583695472,293.36023966471356,293.36023966471345,100.0,718.0840563222064,436.161194
893.5282552952839,293.36023966471356,293.36023966471345,100.0,718.5886930756453,436.261177
893.3881091583379,293.3568827311198,293.35688273111975,100.0,719.0976880459245,436.361147
893.4391645078447,293.3568827311198,293.35688273111975,100.0,719.6030980612869,436.46113
893.215956487021,293.35352579752606,293.353525797526,100.0,720.1067534155945,436.561126
893.2726217741774,293.34681193033856,293.3468119303385,100.0,720.6082745442317,436.661128
893.2814456310603,293.33338419596356,293.33338419596345,100.0,721.1077898943278,436.76117
893.012564130947,293.33338419596356,293.33338419596345,100.0,721.610523348147,436.861175
893.1562323501971,293.31658935546875,293.31658935546875,100.0,722.1060398009719,436.961154
892.9445811447281,293.3233133951823,293.3233133951822,100.0,722.606480282847,437.061308
893.0522896514448,293.31658935546875,293.31658935546875,100.0,723.1024685919751,437.161171
893.0590167419971,293.313232421875,293.31323242187506,100.0,723.5995536045025,437.261221
892.9010478452155,293.313232421875,293.31323242187506,100.0,724.0955776907324,437.361128
892.8589616150905,293.30316162109375,293.3031616210938,100.0,724.598843484538,437.461193
892.88635791918,293.29644775390625,293.2964477539063,100.0,725.0987750432274,437.56116
892.6878031472215,293.29644775390625,293.2964477539063,100.0,725.6006680490048,437.661149
892.8015982024991,293.2930908203125,293.2930908203125,100.0,726.097727113213,437.761126
892.6584417906249,293.28973388671875,293.2897338867188,100.0,726.5941791528322,437.861171
892.5294719414062,293.28302001953125,293.28302001953125,100.0,727.0917283142842,437.961123
892.6348876479464,293.2796630859375,293.2796630859375,100.0,727.5942592383179,438.06114
892.362614804269,293.2796630859375,293.2796630859375,100.0,728.0968973909654,438.161116
892.4900923600902,293.27630615234375,293.2763061523438,100.0,728.5966919804805,438.261178
892.4017582521245,293.259521484375,293.259521484375,100.0,729.1021606832325,438.361135
892.4585537711487,293.26287841796875,293.2628784179688,100.0,729.6026814363513,438.461148
892.3532047216835,293.26287841796875,293.2628784179688,100.0,730.1070158743134,438.561185
892.3045224718222,293.24945068359375,293.2494506835938,100.0,730.6111910630609,438.661116
892.1693852187368,293.2528076171875,293.25280761718756,100.0,731.1166148289112,438.761194
892.052079909429,293.23602294921875,293.23602294921875,100.0,731.6217801403125,438.861119
892.0692455106612,293.24273681640625,293.24273681640625,100.0,732.1200270497508,438.96113
891.992363313876,293.23602294921875,293.23602294921875,100.0,732.6163932144982,439.061253
891.9933249119921,293.22930908203125,293.22930908203125,100.0,733.1128928088048,439.161094
891.8650285745923,293.21923828125,293.2192382812501,100.0,733.6087575650798,439.261122
891.9068318594072,293.21588134765625,293.21588134765625,100.0,734.1048821885374,439.36116
891.8885251487798,293.20916748046875,293.2091674804688,100.0,734.5995797038521,439.461176
891.7331623551935,293.205810546875,293.20581054687494,100.0,735.0964943900141,439.56113
891.7348524671843,293.19573974609375,293.19573974609375,100.0,735.5950193951554,439.661131
891.7388702067879,293.19573974609375,293.19573974609375,100.0,736.0977526467365,439.761164
891.7499543902101,293.1923828125,293.1923828125001,100.0,736.5999845450078,439.86114
891.5920531342786,293.19573974609375,293.19573974609375,100.0,737.1052730148225,439.961106
891.5998447837858,293.18231201171875,293.1823120117188,100.0,737.611537543967,440.061246
891.479311977933,293.178955078125,293.178955078125,100.0,738.112324060777,440.161201
891.408085631903,293.1856689453125,293.18566894531256,100.0,738.6092928481864,440.261172
891.4076432058656,293.1722412109375,293.1722412109375,100.0,739.1115511692373,440.36115
891.3157317221878,293.16552734375,293.16552734375006,100.0,739.6096550999845,440.461162
891.2845522367539,293.16888427734375,293.16888427734375,100.0,740.1082652240041,440.561158
891.1992320552675,293.16552734375,293.16552734375006,100.0,740.6047745811188,440.661181
891.1885946113682,293.1588134765625,293.15881347656256,100.0,741.1007576700948,440.76119
891.1284715860767,293.1453857421875,293.1453857421875,100.0,741.5952816489698,440.861125
890.9630264530729,293.1453857421875,293.1453857421875,100.0,742.0916318456395,440.961175
890.9514104204599,293.14874267578125,293.14874267578125,100.0,742.5859793542664,441.061172
890.9012191240645,293.138671875,293.13867187500006,100.0,743.0846304146013,441.161154
890.9541448197252,293.14202880859375,293.1420288085938,100.0,743.5782971972656,441.261166
890.8074540901566,293.138671875,293.13867187500006,100.0,744.0721894242096,441.361139
890.885035406354,293.12860107421875,293.1286010742188,100.0,744.5719295805766,441.461149
890.8326583886977,293.12860107421875,293.1286010742188,100.0,745.074795314451,441.561136
890.6033588358836,293.12860107421875,293.1286010742188,100.0,745.5851440875286,441.661148
890.6655513474536,293.1185302734375,293.11853027343756,100.0,746.0935857058885,441.761154
890.6459415120988,293.1185302734375,293.11853027343756,100.0,746.6019235772247,441.861138
890.4975949741107,293.11517333984375,293.1151733398438,100.0,747.1042787626172,441.961142
890.4104706445257,293.1051025390625,293.10510253906256,100.0,747.6045523298573,442.061149
890.4997168679859,293.1051025390625,293.10510253906256,100.0,748.1092007378959,442.161234
890.4189853955165,293.10174560546875,293.10174560546875,100.0,748.6123224772941,442.261137
890.2989251049843,293.10174560546875,293.10174560546875,100.0,749.1147582067495,442.361108
890.2702077556609,293.0916748046875,293.09167480468756,100.0,749.6180467761197,442.461146
890.3228449421612,293.08831787109375,293.0883178710938,100.0,750.1222600101269,442.561134
890.1663422381148,293.08831787109375,293.0883178710938,100.0,750.6258263473618,442.661204
890.2290959414604,293.08160400390625,293.0816040039063,100.0,751.1278058421868,442.761123
889.9483711186166,293.07489013671875,293.0748901367188,100.0,751.6286638211376,442.861183
890.0829639534745,293.071533203125,293.071533203125,100.0,752.1287842187485,442.961116
889.9634179417964,293.071533203125,293.071533203125,100.0,752.6302938580436,443.061329
889.9268540808404,293.0648193359375,293.0648193359375,100.0,753.1286158058753,443.161129
889.8419654596618,293.0648193359375,293.0648193359375,100.0,753.6218549810112,443.261153
889.8320346046398,293.06146240234375,293.0614624023438,100.0,754.1143128013035,443.361137
889.8212932741693,293.04803466796875,293.0480346679688,100.0,754.5975599125815,443.461138
889.7727168300053,293.0513916015625,293.0513916015625,100.0,755.0867585002254,443.561163
889.7431934777011,293.0513916015625,293.0513916015625,100.0,755.5845350313632,443.661126
889.6483232903903,293.03460693359375,293.03460693359375,100.0,756.0888508292408,443.76113
889.6228477017784,293.044677734375,293.044677734375,100.0,756.5975720110428,443.861133
889.4691006444169,293.044677734375,293.044677734375,100.0,757.1024114319897,443.961221
889.5438781968571,293.02789306640625,293.0278930664063,100.0,757.6070395807585,444.061136
889.3735671325047,293.03125,293.03125000000006,100.0,758.1082146035046,444.161134
889.3958191356528,293.02789306640625,293.0278930664063,100.0,758.6109633006566,444.261113
889.1232204864584,293.02452596028644,293.0245259602865,100.0,759.1151754013803,444.361169
889.2831873494819,293.02452596028644,293.0245259602865,100.0,759.6194842451654,444.461178
889.1456018662013,293.02452596028644,293.0245259602865,100.0,760.1232010638759,444.561151
889.246026096682,293.0144449869792,293.01444498697913,100.0,760.6219536110688,444.661173
889.0978499619973,293.0144449869792,293.01444498697913,100.0,761.1259653905731,444.761109
889.0871365075781,293.01108805338544,293.0110880533853,100.0,761.6300622040229,444.861173
889.1380741756647,293.0077311197917,293.0077311197916,100.0,762.1342036051582,444.961149
888.865068055955,293.01108805338544,293.0110880533853,100.0,762.6314307852351,445.061192
888.9562209773691,293.00437418619794,293.00437418619777,100.0,763.1313196712813,445.161229
888.9046907680045,292.99766031901044,292.9976603190103,100.0,763.6355923899188,445.261177
888.9199013038996,292.99094645182294,292.99094645182294,100.0,764.1517237138833,445.361159
888.7091111539148,292.9808756510417,292.98087565104163,100.0,764.6720533800402,445.461119
888.6861415152323,292.99094645182294,292.99094645182294,100.0,765.1865738404937,445.561116
888.6039179141172,292.9808756510417,292.98087565104163,100.0,765.6937866601185,445.661162
888.6268470234698,292.9808756510417,292.98087565104163,100.0,766.19920773735,445.761155
888.4326445865669,292.97751871744794,292.97751871744794,100.0,766.703154958286,445.861207
888.4256849431989,292.97080485026044,292.9708048502603,100.0,767.1979676480944,445.961187
888.4296970613992,292.9674479166667,292.96744791666663,100.0,767.6875269053533,446.061163
888.4868932926829,292.95737711588544,292.9573771158853,100.0,768.1752808734836,446.161236
888.2862521605668,292.95737711588544,292.9573771158853,100.0,768.6562144620398,446.261168
888.2527028615353,292.95737711588544,292.9573771158853,100.0,769.139167050546,446.361192
888.086225157744,292.9540201822917,292.9540201822917,100.0,769.6223867218804,446.461119
888.193232406742,292.94394938151044,292.9439493815104,100.0,770.1121687377396,446.561118
888.1559889618549,292.94394938151044,292.9439493815104,100.0,770.6030110354358,446.661157
887.9544627631644,292.95066324869794,292.9506632486979,100.0,771.0961418978269,446.761165
887.9971345297649,292.9338785807292,292.9338785807291,100.0,771.5906453538863,446.861204
887.9635658599245,292.9271647135417,292.92716471354163,100.0,772.0878615736516,446.961111
888.0018632519739,292.9271647135417,292.92716471354163,100.0,772.5850992916266,447.061112
887.8497257105068,292.9271647135417,292.92716471354163,100.0,773.0842582830237,447.161218
887.7763596356017,292.9271647135417,292.92716471354163,100.0,773.5822816299153,447.261184
887.8161794285307,292.91709391276044,292.9170939127603,100.0,774.0804177028585,447.361113
887.6091841418996,292.91038004557294,292.9103800455729,100.0,774.5824070771599,447.46112
887.6618888769427,292.9204508463542,292.9204508463541,100.0,775.0841361784791,447.561167
887.501217898182,292.9070231119792,292.90702311197913,100.0,775.5840503225678,447.661127
887.5252740036572,292.9070231119792,292.90702311197913,100.0,776.0891022641201,447.761203
887.4475946316027,292.90366617838544,292.9036661783853,100.0,776.5907015978622,447.861138
887.3916808731991,292.89695231119794,292.8969523111978,100.0,777.0929821172884,447.961139
887.2407088089359,292.9003092447917,292.90030924479163,100.0,777.5917023022046,448.061249
887.2593035078277,292.89023844401044,292.8902384440104,100.0,778.0898723455566,448.161221
887.346056164522,292.89023844401044,292.8902384440104,100.0,778.5859568318415,448.261142
887.0987343640592,292.88352457682294,292.88352457682294,100.0,779.0849949745409,448.361171
887.1362625207129,292.8801676432292,292.8801676432291,100.0,779.5818188238105,448.46123
887.2250502953965,292.89023844401044,292.8902384440104,100.0,780.0771560155288,448.561149
886.982900787684,292.8801676432292,292.8801676432291,100.0,780.5768612006202,448.661139
887.0700328902495,292.8734537760417,292.87345377604163,100.0,781.078767456513,448.76114
887.0222991571313,292.8734537760417,292.87345377604163,100.0,781.5863113475019,448.861188
887.0111552543551,292.87681070963544,292.8768107096354,100.0,782.0938608365635,448.961121
886.7509261231949,292.87009684244794,292.8700968424479,100.0,782.6029618740034,449.061145
886.7995590612686,292.86338297526044,292.8633829752603,100.0,783.1097175570374,449.16122
886.6172481491366,292.86338297526044,292.8633829752603,100.0,783.6066199758392,449.261181
886.6311575376054,292.8600260416667,292.86002604166663,100.0,784.1064835013921,449.361176
886.5613231380154,292.8600260416667,292.86002604166663,100.0,784.6047507303093,449.461163
886.6842982070312,292.8600260416667,292.86002604166663,100.0,785.1006593670186,449.561132
886.6237775104861,292.8600260416667,292.86002604166663,100.0,785.60085866917,449.661162
886.5997758381686,292.8533121744792,292.8533121744791,100.0,786.1032525841576,449.761202
886.3744367017497,292.8465983072917,292.84659830729163,100.0,786.6011555855176,449.861165
886.3388125187229,292.84995524088544,292.8499552408854,100.0,787.0995855155534,449.961113
886.4325990404591,292.8398844401042,292.8398844401041,100.0,787.6003639109293,450.061212
886.3481725227106,292.83652750651044,292.8365275065103,100.0,788.1016909333002,450.161124
886.3171520453311,292.82981363932294,292.8298136393229,100.0,788.6077307800766,450.26117
886.3318905912487,292.8331705729167,292.83317057291663,100.0,789.1147166174735,450.361102
886.1588794912341,292.82309977213544,292.82309977213527,100.0,789.6176415618795,450.461149
886.205782737619,292.82309977213544,292.82309977213527,100.0,790.119308636488,450.561117
886.1069093179102,292.8264567057292,292.8264567057291,100.0,790.6156229873237,450.661149
885.9054199920035,292.8130187988281,292.8130187988281,100.0,791.1076135099314,450.76116
885.9784179237786,292.8264567057292,292.8264567057291,100.0,791.6006602252819,450.861148
885.7937027630998,292.82309977213544,292.82309977213527,100.0,792.093742707009,450.96112
885.8708886594673,292.8130187988281,292.8130187988281,100.0,792.5843837651561,451.061124
885.9346353047648,292.8130187988281,292.8130187988281,100.0,793.0826258519318,451.161205
885.7467177607792,292.8063049316406,292.8063049316407,100.0,793.5754980495122,451.261115
885.8330424503818,292.8029479980469,292.8029479980468,100.0,794.0720143528781,451.361161
885.7301091129017,292.7995910644531,292.7995910644532,100.0,794.5728038638509,451.461124
885.5987617365612,292.7928771972656,292.7928771972656,100.0,795.0734097945718,451.561125
885.815171675557,292.7962341308594,292.7962341308594,100.0,795.5709827714252,451.661126
885.5038489610411,292.7995910644531,292.7995910644532,100.0,796.0736247194169,451.761147
885.4451062731445,292.7962341308594,292.7962341308594,100.0,796.5808406995212,451.861196
885.4060815380119,292.7928771972656,292.7928771972656,100.0,797.0894700763953,451.961136
885.3434831393494,292.7995910644531,292.7995910644532,100.0,797.6029722433473,452.06116
885.4330580721854,292.7861633300781,292.7861633300782,100.0,798.1112335202943,452.161189
885.2094789871876,292.7861633300781,292.7861633300782,100.0,798.6240501493482,452.261139
885.2919541627698,292.7861633300781,292.7861633300782,100.0,799.1384358456147,452.36113
885.139853068284,292.7828063964844,292.7828063964845,100.0,799.6555324180812,452.461128
885.2526734266401,292.7794494628906,292.7794494628906,100.0,800.1728917813938,452.561157
885.0752799505201,292.7828063964844,292.7828063964845,100.0,800.6859441301017,452.66116
885.0703452826442,292.7727355957031,292.77273559570307,100.0,801.1996524684092,452.761174
885.0558906314001,292.7727355957031,292.77273559570307,100.0,801.7100612546212,452.861172
884.9470613126376,292.7760925292969,292.77609252929693,100.0,802.2186541207848,452.961144
884.9650791847354,292.7828063964844,292.7828063964845,100.0,802.7252096596633,453.061124
884.8017615486959,292.7693786621094,292.7693786621094,100.0,803.2361222394695,453.16142
884.8345336973908,292.7593078613281,292.7593078613282,100.0,803.7402816124221,453.261175
884.8137142218455,292.7593078613281,292.7593078613282,100.0,804.2428965733593,453.361088
884.6338974024172,292.7559509277344,292.7559509277344,100.0,804.7449233749978,453.461123
884.7196195596509,292.7492370605469,292.7492370605469,100.0,805.2453604809822,453.561143
884.5532878863238,292.7525939941406,292.7525939941406,100.0,805.7454464064156,453.661166
884.4673586540047,292.7425231933594,292.7425231933595,100.0,806.2446755481811,453.761199
884.5182463526049,292.7525939941406,292.7525939941406,100.0,806.7425325858471,453.861177
884.4892291171504,292.7458801269531,292.7458801269531,100.0,807.2407638724492,453.961136
884.2903918410293,292.7425231933594,292.7425231933595,100.0,807.7378773136526,454.06117
884.2590356204981,292.7425231933594,292.7425231933595,100.0,808.2262642879941,454.16151
884.3051797017265,292.7324523925781,292.7324523925781,100.0,808.706178340667,454.261146
884.3527256104419,292.7391662597656,292.7391662597656,100.0,809.1865439761825,454.361094
884.2394691163098,292.7391662597656,292.7391662597656,100.0,809.6706890337822,454.461113
884.1826680751317,292.7290954589844,292.72909545898443,100.0,810.157625614689,454.561174
884.1227932268413,292.7223815917969,292.7223815917969,100.0,810.6501616405106,454.661186
884.085015594675,292.7156677246094,292.71566772460943,100.0,811.140113362226,454.761154
883.9925811589806,292.7257385253906,292.7257385253906,100.0,811.6379631218879,454.86112
883.9167097916917,292.7190246582031,292.7190246582032,100.0,812.1380526182231,454.961169
883.8420927160445,292.7223815917969,292.7223815917969,100.0,812.632933804053,455.061129
883.7924425809107,292.7089538574219,292.708953857422,100.0,813.1293466850304,455.161242
883.7539613745247,292.7190246582031,292.7190246582032,100.0,813.6205737575596,455.261184
883.7157285440375,292.7190246582031,292.7190246582032,100.0,814.1197578945229,455.361121
883.5212212362287,292.7055969238281,292.7055969238282,100.0,814.6144716018994,455.461119
883.5131416599896,292.7022399902344,292.70223999023443,100.0,815.1111982063336,455.56116
883.509776989773,292.7022399902344,292.70223999023443,100.0,815.603744293325,455.661149
883.4749040851401,292.7022399902344,292.70223999023443,100.0,816.0961381494084,455.761167
883.3813614224116,292.6854553222656,292.6854553222656,100.0,816.5843927513063,455.861153
883.3169078063951,292.7022399902344,292.70223999023443,100.0,817.0779235481822,455.961114
883.2355822966998,292.7055969238281,292.7055969238282,100.0,817.5675369262084,456.061129
883.3873611245747,292.7055969238281,292.7055969238282,100.0,818.0634570216,456.161163
883.2713836412155,292.6988830566406,292.6988830566407,100.0,818.5604159683253,456.261147
883.2057780222366,292.6787414550781,292.6787414550781,100.0,819.0604062606536,456.361122
883.0582825893839,292.6820983886719,292.6820983886719,100.0,819.5640102897876,456.461135
882.9909710214565,292.6820983886719,292.6820983886719,100.0,820.0728192164395,456.561212
882.9748956212783,292.6720275878906,292.6720275878906,100.0,820.5819993094615,456.66113
882.9187802667375,292.6854553222656,292.6854553222656,100.0,821.0882414474254,456.761157
883.0395835531646,292.6753845214844,292.6753845214844,100.0,821.5906812060397,456.861161
882.7807434348608,292.6720275878906,292.6720275878906,100.0,822.0937204395276,456.961207
882.7016524416757,292.6585998535156,292.6585998535156,100.0,822.5950412471319,457.061156
882.6596834207735,292.6552429199219,292.65524291992193,100.0,823.0956354108612,457.161245
882.5630604982179,292.6753845214844,292.6753845214844,100.0,823.5978282445668,457.26114
882.6404971801036,292.6653137207031,292.6653137207031,100.0,824.1044605630035,457.361167
882.587120881577,292.6552429199219,292.65524291992193,100.0,824.6091512544928,457.461186
882.3609490302522,292.6451721191406,292.6451721191407,100.0,825.112012167746,457.561135
882.4586423884907,292.6585998535156,292.6585998535156,100.0,825.6080846480263,457.661182
882.3249480538034,292.6552429199219,292.65524291992193,100.0,826.0993490081414,457.761165
882.4750321050715,292.6552429199219,292.65524291992193,100.0,826.5907784147248,457.861171
882.393766567993,292.6351013183594,292.6351013183595,100.0,827.0851848917421,457.961127
882.2486348026997,292.6653137207031,292.6653137207031,100.0,827.5865964114895,458.061219
882.1549538706108,292.6451721191406,292.6451721191407,100.0,828.0838141899969,458.161134
882.0779620558933,292.6451721191406,292.6451721191407,100.0,828.5785725868725,458.2612
882.0806721244913,292.6283874511719,292.62838745117193,100.0,829.0765124184007,458.361182
882.0662785879804,292.6384582519531,292.6384582519532,100.0,829.5777516502764,458.461108
881.9228828281952,292.6351013183594,292.6351013183595,100.0,830.0787609827655,458.561202
881.9591453820368,292.6384582519531,292.6384582519532,100.0,830.5766013878891,458.66112
881.7701568451204,292.6351013183594,292.6351013183595,100.0,831.0738824649173,458.761126
881.8290942484591,292.6317443847656,292.6317443847657,100.0,831.5786132824697,458.86116
881.5496492965315,292.6149597167969,292.6149597167969,100.0,832.0794629452225,458.961249
881.664776082148,292.6149597167969,292.6149597167969,100.0,832.5824225326345,459.061143
881.6279158072435,292.6283874511719,292.62838745117193,100.0,833.0880756233486,459.161164
881.483076591133,292.6149597167969,292.6149597167969,100.0,833.5902963132412,459.261168
881.6051396388654,292.5881042480469,292.5881042480468,100.0,834.0887559347805,459.361164
881.4221924360363,292.6216735839844,292.62167358398443,100.0,834.5893935356879,459.461165
881.4930880309782,292.5847473144531,292.5847473144531,100.0,835.0918531681269,459.561126
881.3945144970442,292.6082458496094,292.6082458496094,100.0,835.6006785822727,459.661156
881.2830541700631,292.6048889160156,292.6048889160157,100.0,836.1106394266423,459.761132
881.2887744045953,292.6183166503906,292.6183166503907,100.0,836.6248684313172,459.861136
881.2342099384692,292.5914611816406,292.5914611816407,100.0,837.1344953300247,459.961149
881.1030227864193,292.6015319824219,292.6015319824219,100.0,837.6449204495361,460.061127
880.9590210253369,292.5948181152344,292.59481811523443,100.0,838.1528531639719,460.161285
881.0981477145788,292.5948181152344,292.59481811523443,100.0,838.6596125881833,460.2613
881.1394325226745,292.5746765136719,292.57467651367193,100.0,839.1631633086657,460.361153
881.0269077973359,292.5847473144531,292.5847473144531,100.0,839.6660157091846,460.461165
880.9435962088453,292.5780334472656,292.5780334472656,100.0,840.1650415061778,460.561184
880.914822820493,292.5847473144531,292.5847473144531,100.0,840.6655764172947,460.661134
880.8033966262112,292.5545349121094,292.5545349121094,100.0,841.1645409013312,460.761128
880.8525025413431,292.5646057128906,292.5646057128906,100.0,841.6600739696115,460.861143
880.7870816239384,292.5780334472656,292.5780334472656,100.0,842.1558146739479,460.961207
880.4719006101016,292.5713195800781,292.5713195800781,100.0,842.6516308668965,461.061148
880.8042501541662,292.5679626464844,292.5679626464844,100.0,843.1430902964462,461.16115
880.53443962554,292.5679626464844,292.5679626464844,100.0,843.6342643169273,461.261183
880.5130113887187,292.5545349121094,292.5545349121094,100.0,844.127314045471,461.361166
880.4673427272619,292.5545349121094,292.5545349121094,100.0,844.625036055437,461.461129
880.4319423616909,292.5578918457031,292.5578918457031,100.0,845.1232453315781,461.561185
880.4779043081566,292.5511779785156,292.5511779785156,100.0,845.6195270838044,461.661174
880.3887196654761,292.5545349121094,292.5545349121094,100.0,846.1196433668944,461.761124
880.1633232834242,292.5511779785156,292.5511779785156,100.0,846.621226022024,461.86114
880.1024393215646,292.5478210449219,292.54782104492193,100.0,847.1237984909194,461.961162
880.1225745653402,292.5578918457031,292.5578918457031,100.0,847.6287025716988,462.061124
880.0922290333078,292.5411071777344,292.5411071777344,100.0,848.1284651220437,462.161144
879.9403565689095,292.5478210449219,292.54782104492193,100.0,848.6268060741853,462.261128
879.8420338051475,292.5411071777344,292.5411071777344,100.0,849.1280817305484,462.361092
879.7703890662174,292.5243225097656,292.5243225097657,100.0,849.6241393213842,462.461157
879.7422242653951,292.5276794433594,292.5276794433594,100.0,850.1211841336642,462.561114
879.9337746234195,292.5276794433594,292.5276794433594,100.0,850.6197272888357,462.66114
879.8206396674627,292.5411071777344,292.5411071777344,100.0,851.1191088171051,462.761102
879.6567432537186,292.5209655761719,292.52096557617193,100.0,851.6218828909576,462.861182
879.5055682034892,292.5276794433594,292.5276794433594,100.0,852.1279415535644,462.961158
879.7580411716984,292.51759847005206,292.517598470052,100.0,852.6348620776058,463.0613
879.6252168965465,292.5209554036458,292.5209554036458,100.0,853.1378305971189,463.161128
879.4521806801528,292.5243225097656,292.5243225097657,100.0,853.6393771986335,463.261207
879.3918813516768,292.5209554036458,292.5209554036458,100.0,854.1409857877856,463.36117
879.3344389940731,292.51759847005206,292.517598470052,100.0,854.6430479374392,463.461161
879.3692711172728,292.50417073567706,292.5041707356771,100.0,855.1467015160185,463.561165
879.1606667512712,292.5008138020833,292.50081380208326,100.0,855.6483785556904,463.661175
879.2762798609303,292.49745686848956,292.49745686848956,100.0,856.15515958017,463.761185
879.0250948243087,292.4940897623698,292.49408976236975,100.0,856.6601972085574,463.861175
879.0022997156252,292.51088460286456,292.51088460286456,100.0,857.1617487982458,463.961135
879.1160123866945,292.48401896158856,292.48401896158845,100.0,857.6600662180913,464.061178
879.1716874859418,292.49073282877606,292.490732828776,100.0,858.1577203883512,464.161163
878.9812673473905,292.49745686848956,292.49745686848956,100.0,858.6573972362384,464.261142
879.0948223803035,292.4739481608073,292.47394816080725,100.0,859.1569468102578,464.361162
878.9998309282803,292.47730509440106,292.477305094401,100.0,859.6555057035097,464.461138
878.7778680704105,292.4806620279948,292.4806620279947,100.0,860.153516957679,464.561183
878.8761592569965,292.4940999348958,292.4940999348958,100.0,860.6547003709505,464.661187
878.7963528642191,292.46387736002606,292.463877360026,100.0,861.1571227960252,464.761118
878.8057685379765,292.4806620279948,292.4806620279947,100.0,861.6628971192428,464.861146
878.7345441619966,292.47730509440106,292.477305094401,100.0,862.1694081378723,464.961282
878.7571892176508,292.47730509440106,292.477305094401,100.0,862.6731620815947,465.061177
878.5117243184026,292.47730509440106,292.477305094401,100.0,863.1792315421181,465.161253
878.5209240118924,292.4672342936198,292.46723429361975,100.0,863.6799530488286,465.261108
878.4848167671624,292.4672342936198,292.46723429361975,100.0,864.1793544491645,465.361152
878.382881391939,292.4605204264323,292.4605204264323,100.0,864.680728859287,465.461131
878.3598185257392,292.45044962565106,292.45044962565106,100.0,865.1785692011986,465.561169
878.2365680795199,292.4672342936198,292.46723429361975,100.0,865.6805328117929,465.661147
878.2844379332679,292.43702189127606,292.437021891276,100.0,866.1776046522433,465.76117
878.2733263326387,292.44373575846356,292.44373575846345,100.0,866.6732310981602,465.861182
878.2497010421043,292.4470926920573,292.4470926920572,100.0,867.1718192403914,465.961133
878.0078099654697,292.44373575846356,292.44373575846345,100.0,867.6685410284088,466.061127
878.0930791927805,292.4403788248698,292.44037882486975,100.0,868.1540937200839,466.161151
878.0155623126682,292.4403788248698,292.44037882486975,100.0,868.640372485534,466.261184
877.9881280727876,292.41016642252606,292.410166422526,100.0,869.1282361440975,466.361106
877.93207093037,292.4336649576823,292.43366495768225,100.0,869.6173703204888,466.461187
877.8277409259658,292.43702189127606,292.437021891276,100.0,870.1092218217068,466.561118
877.7254294912178,292.42359415690106,292.423594156901,100.0,870.6083873832121,466.661122
877.6490540746094,292.4336649576823,292.43366495768225,100.0,871.1023962539946,466.761157
877.6704642853348,292.4269510904948,292.42695109049475,100.0,871.6023558666425,466.861145
877.5903783030411,292.4336649576823,292.43366495768225,100.0,872.1016557786015,466.961119
877.435023074364,292.4269510904948,292.42695109049475,100.0,872.6028932271054,467.061214
877.5850655578334,292.4202372233073,292.4202372233072,100.0,873.1047152269598,467.161169
877.4218807336081,292.42359415690106,292.423594156901,100.0,873.6124363951994,467.261255
877.5228799045013,292.4202372233073,292.4202372233072,100.0,874.120186280175,467.361182
877.4503881563385,292.40345255533856,292.40345255533845,100.0,874.625816764508,467.461136
877.2741813492192,292.4202372233073,292.4202372233072,100.0,875.1389947638003,467.56118
877.2495029534261,292.4000956217448,292.40009562174475,100.0,875.6440383982355,467.661169
877.2163921860613,292.4000956217448,292.40009562174475,100.0,876.1494445544206,467.7611
877.1378878240816,292.41016642252606,292.410166422526,100.0,876.6564871756045,467.861164
877.1305539318652,292.40345255533856,292.40345255533845,100.0,877.1628459779504,467.961205
877.106796556183,292.4068094889323,292.4068094889322,100.0,877.6707008058424,468.061245
877.1866148581794,292.42359415690106,292.423594156901,100.0,878.1756597268882,468.161207
876.9799210367439,292.40345255533856,292.40345255533845,100.0,878.6781591718507,468.261223
876.866253626035,292.39002482096356,292.39002482096345,100.0,879.1773111428589,468.361114
877.0995900752579,292.3933817545573,292.3933817545572,100.0,879.6782570164567,468.461171
876.7987143882206,292.3866678873698,292.38666788736975,100.0,880.1792903143961,468.561134
876.7621795270409,292.3866678873698,292.38666788736975,100.0,880.6769624582091,468.661109
876.6755944900337,292.4000956217448,292.40009562174475,100.0,881.1762394296959,468.761135
876.6938381586298,292.3866678873698,292.38666788736975,100.0,881.6745785993636,468.861193
876.6481766332394,292.3866678873698,292.38666788736975,100.0,882.1715947387064,468.961129
876.4676166230073,292.3866678873698,292.38666788736975,100.0,882.6696942064752,469.061175
876.5139542824536,292.36988321940106,292.369883219401,100.0,883.1680900244461,469.161238
876.4370078028858,292.3665262858073,292.36652628580714,100.0,883.661143688408,469.261218
876.5041801472242,292.3732401529948,292.3732401529947,100.0,884.1594543298361,469.361167
876.2191866023171,292.37659708658856,292.3765970865885,100.0,884.6565362699736,469.461183
876.2368872190087,292.36988321940106,292.369883219401,100.0,885.1607757109596,469.561194
876.2162971835555,292.37659708658856,292.3765970865885,100.0,885.6590007108999,469.661148
876.1152090021502,292.36988321940106,292.369883219401,100.0,886.1588066411623,469.761119
876.0746259145656,292.36988321940106,292.369883219401,100.0,886.6570940842413,469.861137
876.2894265254669,292.34974161783856,292.3497416178385,100.0,887.1543774914301,469.961137
876.0425267308187,292.35645548502606,292.356455485026,100.0,887.6520666939936,470.061199
875.985509168018,292.3530985514323,292.35309855143225,100.0,888.1521547279511,470.161143
875.8719970270048,292.35645548502606,292.356455485026,100.0,888.6520782738583,470.261135
875.7840949730285,292.33631388346356,292.3363138834635,100.0,889.1547330721842,470.361107
875.7465069375675,292.3530985514323,292.35309855143225,100.0,889.6511900528816,470.461167
875.7751211146908,292.3463846842448,292.3463846842447,100.0,890.1531507773177,470.561159
875.6883250400974,292.33631388346356,292.3363138834635,100.0,890.6544313714309,470.66123
875.6787597675792,292.3329569498698,292.33295694986975,100.0,891.1570392898252,470.761146
875.596000634467,292.3396708170573,292.33967081705725,100.0,891.6610350036667,470.861158
875.5013344119081,292.32960001627606,292.32960001627595,100.0,892.1656852127716,470.961183
875.5452985972256,292.32960001627606,292.32960001627595,100.0,892.6759211520147,471.061299
875.4120457315476,292.34302775065106,292.343027750651,100.0,893.1801190371852,471.161123
875.3934130219603,292.32288614908856,292.3228861490885,100.0,893.6904115867278,471.261164
875.134004660691,292.3128153483073,292.31281534830714,100.0,894.1968246245478,471.361158
875.2334766320034,292.3195292154948,292.3195292154947,100.0,894.7059949945802,471.461112
875.2496005408241,292.32960001627606,292.32960001627595,100.0,895.2084465905874,471.561104
875.0294684167151,292.302734375,292.30273437500006,100.0,895.7087602730901,471.661132
875.076104033899,292.3195292154948,292.3195292154947,100.0,896.2088388193083,471.761167
875.0013702777304,292.31617228190106,292.31617228190095,100.0,896.7076169992858,471.861164
875.0244315563316,292.316162109375,292.31616210937506,100.0,897.2064324627686,471.961175
875.0559117830405,292.31280517578125,292.3128051757813,100.0,897.7045192782967,472.061135
874.9189134063932,292.31280517578125,292.3128051757813,100.0,898.1949732692983,472.161161
874.8899231867099,292.316162109375,292.31616210937506,100.0,898.6864263492604,472.2612
874.7587357954545,292.30609130859375,292.3060913085938,100.0,899.183412359725,472.361181
874.8194128680403,292.302734375,292.30273437500006,100.0,899.6853057348444,472.461176
874.7158949689011,292.31280517578125,292.3128051757813,100.0,900.1891225144909,472.561148
874.570669006513,292.289306640625,292.289306640625,100.0,900.6944404597934,472.661122
874.5539318102196,292.29266357421875,292.29266357421886,100.0,901.1931229247095,472.761229
874.4554888008705,292.289306640625,292.289306640625,100.0,901.6961300564536,472.861184
874.5101613909334,292.2960205078125,292.29602050781256,100.0,902.1974840783055,472.961179
874.3594398561172,292.289306640625,292.289306640625,100.0,902.7025731353506,473.061283
874.3523752314723,292.29937744140625,292.2993774414063,100.0,903.2024122325215,473.161136
874.3370153686603,292.27923583984375,292.2792358398438,100.0,903.7041597493977,473.261195
874.1932077788499,292.27923583984375,292.2792358398438,100.0,904.2053031987747,473.361142
874.1403134003241,292.2960205078125,292.29602050781256,100.0,904.7152152132625,473.461151
874.1480500393277,292.26580810546875,292.26580810546886,100.0,905.2183686266821,473.561139
874.1885259455045,292.27923583984375,292.2792358398438,100.0,905.7197822129374,473.661133
874.0695719549433,292.27252197265625,292.27252197265625,100.0,906.218575952211,473.761131
873.8701542736549,292.26580810546875,292.26580810546886,100.0,906.7232931277607,473.861153
873.8737784338281,292.27252197265625,292.27252197265625,100.0,907.2309121288338,473.961133
873.8860489113252,292.27923583984375,292.2792358398438,100.0,907.7365758110584,474.061176
873.7781492651874,292.27252197265625,292.27252197265625,100.0,908.2409148979254,474.161118
873.795231507755,292.25238037109375,292.2523803710938,100.0,908.7447224503161,474.261201
873.7610600124473,292.2490234375,292.2490234375,100.0,909.2461789419563,474.361111
873.5616655518787,292.262451171875,292.26245117187506,100.0,909.7482458384403,474.461146
873.5507074870201,292.262451171875,292.26245117187506,100.0,910.2476197430294,474.561183
873.4714611363687,292.2490234375,292.2490234375,100.0,910.7494606908592,474.661122
873.5014504482756,292.235595703125,292.235595703125,100.0,911.2518570895712,474.761144
873.3550786676542,292.2423095703125,292.2423095703125,100.0,911.7500367222552,474.86112
873.3147767774575,292.24566650390625,292.2456665039063,100.0,912.2463862892961,474.961149
873.4701799049304,292.23223876953125,292.23223876953136,100.0,912.7448202097789,475.06115
873.3283026681462,292.235595703125,292.235595703125,100.0,913.2465361206484,475.161104
873.3696178987644,292.23895263671875,292.23895263671886,100.0,913.7476041094657,475.261155
873.3551838299161,292.25238037109375,292.2523803710938,100.0,914.2533344305451,475.361155
873.1509672059177,292.24566650390625,292.2456665039063,100.0,914.7513467303982,475.461235
873.0740695238675,292.24566650390625,292.2456665039063,100.0,915.249822939036,475.56117
873.19728836465,292.2288818359375,292.22888183593756,100.0,915.7490573355504,475.66118
873.1735152936142,292.2288818359375,292.22888183593756,100.0,916.2430556092205,475.761153
873.2202691141521,292.2154541015625,292.21545410156244,100.0,916.7370296255856,475.861175
872.9018923536482,292.22216796875,292.22216796875006,100.0,917.2336522740046,475.961132
872.7585524980757,292.2154541015625,292.21545410156244,100.0,917.7277086976108,476.061159
872.8760793202133,292.21881103515625,292.2188110351563,100.0,918.2219413469949,476.161176
872.8203524618666,292.22216796875,292.22216796875006,100.0,918.7163239472707,476.261151
872.6287531366677,292.2154541015625,292.21545410156244,100.0,919.2119293147216,476.36119
872.6629953361752,292.208740234375,292.20874023437506,100.0,919.7072599909179,476.461135
872.5633528607407,292.208740234375,292.20874023437506,100.0,920.2082294767079,476.561137
872.7246416122939,292.208740234375,292.20874023437506,100.0,920.7094575954767,476.661177
872.6358032186031,292.20538330078125,292.2053833007813,100.0,921.215178498145,476.761305
872.386838298502,292.1953125,292.1953125,100.0,921.7154231175003,476.861156
872.5984559774057,292.1953125,292.1953125,100.0,922.2210069407851,476.961306
872.3362900940389,292.18524169921875,292.18524169921875,100.0,922.7192416964104,477.061142
872.4120986147641,292.19195556640625,292.19195556640625,100.0,923.2209272459132,477.161126
872.4002836503242,292.17181396484375,292.17181396484386,100.0,923.7231963870216,477.261285
872.2114635044954,292.16510009765625,292.1651000976563,100.0,924.225299253598,477.361146
872.0706571759235,292.15838623046875,292.1583862304688,100.0,924.7283606936447,477.461128
872.3118985523839,292.16845703125,292.16845703125006,100.0,925.2378606963763,477.561171
872.2522743937658,292.1885986328125,292.1885986328125,100.0,925.7401485952842,477.661098
872.008406108622,292.15167236328125,292.15167236328125,100.0,926.2446504901935,477.761177
871.8693762373763,292.1617431640625,292.1617431640625,100.0,926.7483893401433,477.861124
871.8207252642861,292.155029296875,292.155029296875,100.0,927.251922694751,477.961172
871.8908342968954,292.15838623046875,292.1583862304688,100.0,927.7542929572043,478.061119
871.8824310256475,292.15167236328125,292.15167236328125,100.0,928.256345721629,478.161236
871.7155011656433,292.14495849609375,292.1449584960938,100.0,928.7532024922484,478.261163
871.835336838483,292.17181396484375,292.17181396484386,100.0,929.2537368958649,478.361163
871.5391707095151,292.128173828125,292.12817382812506,100.0,929.7518765086085,478.4611
871.7272206875,292.13824462890625,292.1382446289063,100.0,930.254912218334,478.561171
871.526921522621,292.1348876953125,292.1348876953126,100.0,930.7531607648157,478.66115
871.4808364975196,292.1214599609375,292.12145996093744,100.0,931.2569996538608,478.761174
871.4172678706908,292.13153076171875,292.1315307617188,100.0,931.7559573969363,478.861134
871.5455849426597,292.1348876953125,292.1348876953126,100.0,932.2612379354638,478.961134
871.4275478902035,292.1483154296875,292.14831542968756,100.0,932.7628097583816,479.061156
871.2518699623473,292.128173828125,292.12817382812506,100.0,933.2652502160682,479.161182
871.324784177049,292.1348876953125,292.1348876953126,100.0,933.7598548100256,479.261147
871.0899356697593,292.1348876953125,292.1348876953126,100.0,934.2600968308211,479.361159
871.2173391676848,292.1348876953125,292.1348876953126,100.0,934.7555287722234,479.461133
871.1486395016135,292.11810302734375,292.1181030273438,100.0,935.256429653666,479.561126
870.9463414474144,292.13824462890625,292.1382446289063,100.0,935.7555654413972,479.66113
871.0955064431201,292.12481689453125,292.1248168945313,100.0,936.257971969344,479.761147
870.9782111708291,292.11138916015625,292.11138916015636,100.0,936.7577088405641,479.861114
870.8180426018802,292.11474609375,292.11474609375006,100.0,937.2596006272277,479.961153
870.8691318219738,292.12481689453125,292.1248168945313,100.0,937.7579793304448,480.061126
870.7755433926947,292.11810302734375,292.1181030273438,100.0,938.2578597752286,480.161228
870.6212457933955,292.11474609375,292.11474609375006,100.0,938.7568588455256,480.261148
870.7352570790204,292.11138916015625,292.11138916015636,100.0,939.2559618465431,480.361171
870.7202767147074,292.11138916015625,292.11138916015636,100.0,939.7528509603311,480.461177
870.6070248503307,292.11138916015625,292.11138916015636,100.0,940.2539860606057,480.561129
870.6198812318642,292.09796142578125,292.09796142578125,100.0,940.7529139668509,480.661179
870.6166686358306,292.11138916015625,292.11138916015636,100.0,941.2564125974903,480.761286
870.6839069677402,292.09796142578125,292.09796142578125,100.0,941.7552902184877,480.861198
870.4726503190077,292.1080322265625,292.10803222656256,100.0,942.2572500845296,480.961295
870.4405013654506,292.09796142578125,292.09796142578125,100.0,942.7576940448081,481.061179
870.3997025910522,292.0946044921875,292.09460449218744,100.0,943.2594678236167,481.161307
870.2692441721604,292.0946044921875,292.09460449218744,100.0,943.7571436227798,481.26119
870.3369766596297,292.0946044921875,292.09460449218744,100.0,944.2581534688204,481.36119
869.981845490449,292.101318359375,292.101318359375,100.0,944.7576559048738,481.461182
870.1892762968678,292.09124755859375,292.09124755859375,100.0,945.2565841242815,481.56116
870.1853471127371,292.08453369140625,292.08453369140625,100.0,945.7573153830208,481.66117
869.9260751668235,292.08453369140625,292.08453369140625,100.0,946.2557000263803,481.761191
870.1648292981986,292.07781982421875,292.07781982421875,100.0,946.7553357971191,481.861148
869.9638565501501,292.09124755859375,292.09124755859375,100.0,947.251722984155,481.961135
869.7231789503126,292.0811767578125,292.0811767578125,100.0,947.7480307757444,482.061173
869.8092266056474,292.0811767578125,292.0811767578125,100.0,948.245268556788,482.161168
869.9051373024865,292.07110595703125,292.0711059570313,100.0,948.743637234026,482.261157
869.8443893649521,292.07110595703125,292.0711059570313,100.0,949.239175294643,482.36116
869.6685584515291,292.087890625,292.08789062500006,100.0,949.7381523788783,482.461128
869.5856064848266,292.05767822265625,292.0576782226563,100.0,950.239075692661,482.561124
869.5612057496214,292.0677490234375,292.0677490234376,100.0,950.7436164751963,482.661267
869.5445871398739,292.0811767578125,292.0811767578125,100.0,951.2425395311698,482.761125
869.6989954727806,292.06103515625,292.06103515625,100.0,951.7489985276819,482.861161
869.3869564237449,292.06103515625,292.06103515625,100.0,952.2496796075575,482.961099
869.3758437860915,292.0543212890625,292.0543212890625,100.0,952.7532236694949,483.061179
869.3305304469992,292.0543212890625,292.0543212890625,100.0,953.2556706198914,483.161131
869.2231718957701,292.05767822265625,292.0576782226563,100.0,953.7570633584706,483.261127
869.2048329831106,292.04425048828125,292.04425048828136,100.0,954.2553913368538,483.361135
869.1859586860965,292.0341796875,292.0341796875,100.0,954.7520280051255,483.461187
869.1231266565455,292.0408935546875,292.04089355468744,100.0,955.2487576837052,483.561195
869.0689500584111,292.0408935546875,292.04089355468744,100.0,955.745008693706,483.661119
869.1385354625392,292.0274658203125,292.0274658203125,100.0,956.2407346572055,483.761208
869.0631374766966,292.03082275390625,292.03082275390625,100.0,956.7370395265393,483.861163
868.9975769845915,292.04425048828125,292.04425048828136,100.0,957.233867015049,483.961173
869.0562889734124,292.03082275390625,292.03082275390625,100.0,957.7296935740271,484.061232
868.8146817185719,292.03082275390625,292.03082275390625,100.0,958.229228669483,484.161314
868.7458830870683,292.0408935546875,292.04089355468744,100.0,958.7257294468574,484.261128
868.8014813766257,292.020751953125,292.020751953125,100.0,959.2213062543052,484.361125
868.8064947511413,292.0341796875,292.0341796875,100.0,959.7225158142409,484.461178
868.7336595416517,292.0341796875,292.0341796875,100.0,960.2226425288474,484.561126
868.6768715284727,292.020751953125,292.020751953125,100.0,960.7206256176258,484.661152
868.5510669366687,292.01739501953125,292.0173950195313,100.0,961.222395424602,484.761104
868.5252029533019,292.0274658203125,292.0274658203125,100.0,961.7154221324238,484.861149
868.4672148440236,292.0039571126302,292.0039571126302,100.0,962.2164964737267,484.961143
868.4844327388652,292.020751953125,292.020751953125,100.0,962.7166098141192,485.061184
868.473561597157,292.0140380859375,292.01403808593756,100.0,963.21626496668,485.161268
868.3181007954659,292.02074178059894,292.020741780599,100.0,963.7198547710497,485.261176
868.1738657622719,292.01068115234375,292.0106811523438,100.0,964.2266951364254,485.36118
868.2262616369351,292.01068115234375,292.0106811523438,100.0,964.7291712545857,485.46111
868.1331940805264,292.00731404622394,292.007314046224,100.0,965.2295721067145,485.561124
868.0460214939224,292.00060017903644,292.0006001790365,100.0,965.727554268972,485.66117
868.1716723953961,292.0039571126302,292.0039571126302,100.0,966.2226365943731,485.761162
867.8299144084626,292.00731404622394,292.007314046224,100.0,966.7183752379453,485.861137
867.9266482000565,291.9972330729167,291.99723307291663,100.0,967.2191945751799,485.961146
867.6935353057966,292.02410888671875,292.0241088867188,100.0,967.7185852100213,486.061176
867.8504775133167,291.9972432454427,291.99724324544263,100.0,968.2186699086656,486.161128
867.6907902105007,292.00060017903644,292.0006001790365,100.0,968.7206377561307,486.261242
867.6724677429537,292.00060017903644,292.0006001790365,100.0,969.223788183542,486.361109
867.5666449762995,291.99387613932294,291.99387613932294,100.0,969.727244613407,486.461464
867.6018315729051,291.99387613932294,291.99387613932294,100.0,970.2293773515675,486.561126
867.4825431790254,291.9905192057292,291.99051920572913,100.0,970.7276678898342,486.66113
867.5272239226823,291.98044840494794,291.9804484049478,100.0,971.2251821666072,486.761136
867.5172700110088,291.9905192057292,291.99051920572913,100.0,971.7268109342488,486.861244
867.4653017594442,291.99388631184894,291.99388631184894,100.0,972.2239072723189,486.961127
867.4034538707127,291.98044840494794,291.9804484049478,100.0,972.7240709107388,487.061163
867.2469784460596,291.96030680338544,291.9603068033853,100.0,973.2237465724976,487.161159
867.2562261014339,291.97373453776044,291.9737345377604,100.0,973.7207660191756,487.261136
867.3083947996648,291.98044840494794,291.9804484049478,100.0,974.2223758778362,487.361142
867.1547474252751,291.97373453776044,291.9737345377604,100.0,974.7266837654587,487.461474
867.092107529626,291.9770914713542,291.97709147135413,100.0,975.230409950888,487.561142
866.9553240835075,291.9703776041667,291.9703776041667,100.0,975.7340322139363,487.66114
867.174597522995,291.9703776041667,291.9703776041667,100.0,976.237406492481,487.761174
867.051265977714,291.9770914713542,291.97709147135413,100.0,976.743712947545,487.861253
867.0197451939893,291.9703776041667,291.9703776041667,100.0,977.24665654901,487.961121
866.8956857544265,291.9636637369792,291.96366373697913,100.0,977.7518207884435,488.061206
866.8439466799609,291.9636637369792,291.96366373697913,100.0,978.2539074660637,488.161125
866.7588375211983,291.95359293619794,291.95359293619794,100.0,978.7598833842903,488.261149
866.6580627015796,291.9569498697917,291.9569498697916,100.0,979.2612264887134,488.361159
866.4553392063896,291.97374471028644,291.97374471028644,100.0,979.7617205973299,488.461263
866.5963135177143,291.94016520182294,291.9401652018228,100.0,980.2605975977931,488.561162
866.4525625334328,291.94016520182294,291.9401652018228,100.0,980.76260849935,488.661143
866.2565749456377,291.96030680338544,291.9603068033853,100.0,981.2637653214026,488.761184
866.5258674940135,291.94016520182294,291.9401652018228,100.0,981.7641734059508,488.861149
866.5170143924756,291.94016520182294,291.9401652018228,100.0,982.269815028062,488.96129
866.2766542587301,291.9368082682292,291.9368082682292,100.0,982.7719694432952,489.061152
866.1208367784736,291.9368082682292,291.9368082682292,100.0,983.273561069246,489.161221
866.294104551379,291.9300944010417,291.93009440104163,100.0,983.7750850163885,489.26117
865.990217195607,291.95359293619794,291.95359293619794,100.0,984.273396073415,489.361163
866.0337723797243,291.9300944010417,291.93009440104163,100.0,984.7724484480673,489.461203
866.2506485697699,291.9435221354167,291.94352213541663,100.0,985.2723832294564,489.561119
866.1065286454166,291.93345133463544,291.9334513346354,100.0,985.7748678231609,489.661182
866.0374389765587,291.93345133463544,291.9334513346354,100.0,986.2739574651537,489.761139
865.9979086611825,291.94016520182294,291.9401652018228,100.0,986.7746102522528,489.861363
866.1210781160958,291.93345133463544,291.9334513346354,100.0,987.2750060479902,489.961123
865.8248696296972,291.94016520182294,291.9401652018228,100.0,987.7719613073729,490.06118
865.8594851156554,291.94016520182294,291.9401652018228,100.0,988.2684156864722,490.161177
865.8876358786752,291.9099527994792,291.9099527994791,100.0,988.7652069758182,490.261152
865.7689345079953,291.92002360026044,291.92002360026044,100.0,989.2643648055845,490.361138
865.8832005202087,291.92673746744794,291.9267374674479,100.0,989.7667662746558,490.461125
865.6899232259863,291.9233805338542,291.9233805338541,100.0,990.2657035444608,490.561126
865.672896799729,291.9032389322917,291.9032389322916,100.0,990.7655897467516,490.661138
865.3850516188339,291.92002360026044,291.92002360026044,100.0,991.2680694501308,490.761194
865.4155107323563,291.9099527994792,291.9099527994791,100.0,991.7678825215884,490.861288
865.3645863727351,291.9099527994792,291.9099527994791,100.0,992.2684943631839,490.961143
865.2382273661111,291.92002360026044,291.92002360026044,100.0,992.7707841362081,491.061174
865.3003334792243,291.92002360026044,291.92002360026044,100.0,993.2719893212828,491.16127
865.298219350667,291.9166666666667,291.9166666666666,100.0,993.7722301954617,491.261115
865.3038633118554,291.91330973307294,291.9133097330728,100.0,994.2769089501469,491.361138
865.2244870329043,291.89988199869794,291.8998819986978,100.0,994.7765992151584,491.461162
865.1565548351886,291.91330973307294,291.9133097330728,100.0,995.2816783559682,491.561116
864.9274296703956,291.9032389322917,291.9032389322916,100.0,995.7842222288739,491.661185
865.0917439532769,291.89988199869794,291.8998819986978,100.0,996.2852969527783,491.76115
864.9703978329311,291.8965250651042,291.8965250651041,100.0,996.7872334188568,491.86135
864.9146020424581,291.91330973307294,291.9133097330728,100.0,997.288776948219,491.961139
864.8476894309481,291.89988199869794,291.8998819986978,100.0,997.7917937445446,492.061255
864.7851442234934,291.88645426432294,291.8864542643229,100.0,998.2911686608476,492.161145
864.8581111092193,291.8965250651042,291.8965250651041,100.0,998.7953719793016,492.261133
864.7109903449256,291.9166666666667,291.9166666666666,100.0,999.2943989011993,492.361099
864.6120153505399,291.9099527994792,291.9099527994791,100.0,999.7993875805546,492.461197
864.4667345999089,291.9099527994792,291.9099527994791,100.0,1000.2987685221582,492.56113
864.5868493783435,291.89988199869794,291.8998819986978,100.0,1000.802167417712,492.661139
864.598431079409,291.89988199869794,291.8998819986978,100.0,1001.3015288075492,492.761139
864.5645644837522,291.91330973307294,291.9133097330728,100.0,1001.8019550277181,492.861126
864.419527691052,291.9032389322917,291.9032389322916,100.0,1002.3015012563727,492.961144
864.422837412771,291.90659586588544,291.9065958658854,100.0,1002.8017278254902,493.061161
864.2961122075722,291.9032389322917,291.9032389322916,100.0,1003.3003954293592,493.161216
864.4219569980237,291.91330973307294,291.9133097330728,100.0,1003.8002573863885,493.261133
864.2476460106529,291.91330973307294,291.9133097330728,100.0,1004.3029748471585,493.361133
864.2678657136778,291.9166666666667,291.9166666666666,100.0,1004.8046620840947,493.461228
864.0430336700042,291.9032389322917,291.9032389322916,100.0,1005.3036947158317,493.561114
864.0321605754812,291.9099527994792,291.9099527994791,100.0,1005.8019546086678,493.661147
864.0200575780007,291.9099527994792,291.9099527994791,100.0,1006.3051753729452,493.761117
863.829359142045,291.91330973307294,291.9133097330728,100.0,1006.8035997973188,493.861121
863.7802693808983,291.91330973307294,291.9133097330728,100.0,1007.3002993811822,493.961145
863.8775258464576,291.9233805338542,291.9233805338541,100.0,1007.8017883157369,494.061105
863.8484192955248,291.9233805338542,291.9233805338541,100.0,1008.3010442915431,494.161211
863.8001817358613,291.91330973307294,291.9133097330728,100.0,1008.8003846858016,494.261157
863.5418750015637,291.91330973307294,291.9133097330728,100.0,1009.2981431488472,494.361165
863.7334222703602,291.92673746744794,291.9267374674479,100.0,1009.7988964208441,494.461163
863.6967209239592,291.9032389322917,291.9032389322916,100.0,1010.2964504608547,494.561136
863.5343198319903,291.9166666666667,291.9166666666666,100.0,1010.7932487182078,494.661122
863.6178833502562,291.9233805338542,291.9233805338541,100.0,1011.2921057881656,494.761141
863.4295205468961,291.9099527994792,291.9099527994791,100.0,1011.7900808177732,494.861148
863.4134999474917,291.9099527994792,291.9099527994791,100.0,1012.2885039542119,494.961133
863.3269246200591,291.9099527994792,291.9099527994791,100.0,1012.7873137052036,495.061184
863.3799047187131,291.9099527994792,291.9099527994791,100.0,1013.2863508719772,495.161271
863.2068365277097,291.92002360026044,291.92002360026044,100.0,1013.7837861223154,495.26119
863.3476515826991,291.9300944010417,291.93009440104163,100.0,1014.2813738882434,495.361179
863.2536149783201,291.93345133463544,291.9334513346354,100.0,1014.7804963076042,495.461184
863.1454467181675,291.9368082682292,291.9368082682292,100.0,1015.2769765555985,495.56111
862.9614370837584,291.94016520182294,291.9401652018228,100.0,1015.7786255377182,495.661141
862.8767545365524,291.94016520182294,291.9401652018228,100.0,1016.2749746700258,495.761156
862.9523119602102,291.94016520182294,291.9401652018228,100.0,1016.7744009428161,495.861159
862.9561436112813,291.95359293619794,291.95359293619794,100.0,1017.2717965052825,495.961159
862.7520736156221,291.94016520182294,291.9401652018228,100.0,1017.77382532376,496.061167
862.7793395005094,291.94016520182294,291.9401652018228,100.0,1018.2668574559568,496.161255
862.63705398922,291.93345133463544,291.9334513346354,100.0,1018.7678527145296,496.261115
862.4955240589329,291.9502360026042,291.95023600260413,100.0,1019.2649453657323,496.361131
862.5271802197636,291.9569498697917,291.9569498697916,100.0,1019.762316964375,496.461184
862.5149725345215,291.96030680338544,291.9603068033853,100.0,1020.2625137596879,496.561101
862.5643483056645,291.9636637369792,291.96366373697913,100.0,1020.7627905300778,496.661173
862.4290361098167,291.9770914713542,291.97709147135413,100.0,1021.2628972840793,496.761177
862.3805787446286,291.9838053385417,291.9838053385416,100.0,1021.7649464255559,496.861147
862.3221239900724,291.98044840494794,291.9804484049478,100.0,1022.2681655940949,496.961216
862.3709947324502,291.9905192057292,291.99051920572913,100.0,1022.7729792969757,497.061314
862.2101234994605,291.98716227213544,291.9871622721354,100.0,1023.2754396888793,497.16121
862.080568551129,291.9905192057292,291.99051920572913,100.0,1023.7787927261476,497.261142
862.1724748216346,292.0039571126302,292.0039571126302,100.0,1024.2792846666268,497.361103
862.227173072727,292.0039571126302,292.0039571126302,100.0,1024.783950579912,497.461139
862.0045171258255,292.02074178059894,292.020741780599,100.0,1025.289170294883,497.561117
861.9922248395675,292.0173848470052,292.0173848470052,100.0,1025.7911221513766,497.661187
861.7929691516468,292.02074178059894,292.020741780599,100.0,1026.2918556695736,497.761161
861.8831721210569,292.02074178059894,292.020741780599,100.0,1026.793234623205,497.86121
861.9216662419059,292.02074178059894,292.020741780599,100.0,1027.2961918017775,497.961148
861.7699585487578,292.0308125813802,292.0308125813802,100.0,1027.7960491081756,498.061106
861.7066887947782,292.02745564778644,292.0274556477864,100.0,1028.2985151001585,498.16123
861.6293789580999,292.0375264485677,292.0375264485677,100.0,1028.7944815603228,498.26113
861.6929392367358,292.0308125813802,292.0308125813802,100.0,1029.2949007460613,498.361138
861.5202252241547,292.0375264485677,292.0375264485677,100.0,1029.795427571831,498.461125
861.4316164082337,292.04088338216144,292.0408833821614,100.0,1030.2964012305627,498.561182
861.5920452773029,292.04088338216144,292.0408833821614,100.0,1030.7958567238172,498.661134
861.3053477672097,292.0442403157552,292.04424031575525,100.0,1031.2946898217533,498.7611
861.348232648669,292.04088338216144,292.0408833821614,100.0,1031.797588688899,498.861278
861.3557700774645,292.0442403157552,292.04424031575525,100.0,1032.296841525134,498.961112
861.3515759726554,292.04759724934894,292.04759724934894,100.0,1032.7986009643143,499.061192
861.0604040450442,292.0442403157552,292.04424031575525,100.0,1033.2967651764923,499.161227
861.2419594312886,292.05431111653644,292.05431111653644,100.0,1033.79783134428,499.26111
861.1224426824435,292.06103515625,292.06103515625,100.0,1034.298323891331,499.361132
861.1770386008445,292.0677490234375,292.0677490234376,100.0,1034.8010672752337,499.461103
860.992779571959,292.0677490234375,292.0677490234376,100.0,1035.3036525969112,499.561084
861.0031894869762,292.0677490234375,292.0677490234376,100.0,1035.8049736615335,499.661128
860.9305456452271,292.0677490234375,292.0677490234376,100.0,1036.307222298225,499.761132
860.825280212955,292.0677490234375,292.0677490234376,100.0,1036.8087378389307,499.861204
860.9094228241712,292.09124755859375,292.09124755859375,100.0,1037.3085624698258,499.961157
860.7691456707212,292.0946044921875,292.09460449218744,100.0,1037.811370878931,500.061169
860.6782720868781,292.09796142578125,292.09796142578125,100.0,1038.3127564794002,500.161217
860.7494438156579,292.1080322265625,292.10803222656256,100.0,1038.8082702610461,500.26112
860.470861299338,292.11810302734375,292.1181030273438,100.0,1039.3099744256185,500.361172
860.558496680014,292.1214599609375,292.12145996093744,100.0,1039.809856087976,500.461133
860.5649827348066,292.13153076171875,292.1315307617188,100.0,1040.310052098326,500.561106
860.3023139634616,292.1416015625,292.14160156250006,100.0,1040.8095382567872,500.661207
860.417650786178,292.14495849609375,292.1449584960938,100.0,1041.305396924588,500.761142
860.6108880241669,292.15167236328125,292.15167236328125,100.0,1041.801135236565,500.86127
860.2885186364244,292.16845703125,292.16845703125006,100.0,1042.2987113404706,500.961122
860.3442039047504,292.16845703125,292.16845703125006,100.0,1042.7993519915838,501.061101
860.230647884431,292.17852783203125,292.1785278320313,100.0,1043.2968197393047,501.161259
860.0901404575291,292.19195556640625,292.19195556640625,100.0,1043.7943564217394,501.261137
860.2239113006502,292.19195556640625,292.19195556640625,100.0,1044.2932176026713,501.361094
860.1822977022556,292.19866943359375,292.19866943359375,100.0,1044.7939777746178,501.461161
860.1432457243634,292.208740234375,292.20874023437506,100.0,1045.296932207072,501.56114
859.8660852585258,292.21881103515625,292.2188110351563,100.0,1045.801145038893,501.661149
859.9896033888291,292.235595703125,292.2158698583485,99.97051239013672,1046.304574609963,501.761183
859.8137207066396,292.2288818359375,292.1795662333203,99.92628987630208,1046.8045265831427,501.861134
859.7924590453747,292.2490234375,292.19302833360894,99.91631571451823,1047.3061389646423,501.961144
859.9270172275642,292.25909423828125,292.1734215759887,99.87198893229167,1047.8072338172124,502.061113
859.5848595821792,292.25909423828125,292.1734215759887,99.87198893229167,1048.3071823836497,502.161197
859.730594405015,292.27587890625,292.15398730090055,99.8179194132487,1048.804591683915,502.261165
859.7640539002143,292.2691650390625,292.1193076798432,99.7761739095052,1049.3030511269505,502.361118
859.5476930291827,292.289306640625,292.10965633187595,99.7317403157552,1049.805020346102,502.461241
859.6895414949789,292.2825927734375,292.0726137855768,99.68649800618489,1050.307086243697,502.56113
859.4772489615824,292.302734375,292.07136043942074,99.65462239583333,1050.810769633521,502.661126
859.6308265085345,292.302734375,292.04348172006024,99.61306762695312,1051.3111841724772,502.761125
859.4882408762788,292.30609130859375,292.0169435836355,99.56852722167969,1051.8107765892114,502.861173
859.4330270734017,292.316162109375,291.94584738472116,99.4476801554362,1052.3115514104977,502.961172
859.301417776396,292.3195292154948,291.88392851883026,99.35055287679036,1052.8117907692265,503.061229
859.3124246249838,292.3329569498698,291.8298593982258,99.25024159749348,1053.3113939230573,503.16112
859.2137292076108,292.3329569498698,291.7713547238246,99.16332753499348,1053.8109516858635,503.26117
859.1808355954465,292.3329569498698,291.7713547238246,99.16332753499348,1054.3126235948478,503.361113
859.2378644885995,292.34302775065106,291.67218148597067,99.00122578938802,1054.8114995341275,503.461138
858.9627228931807,292.3530985514323,291.6061545480416,98.88844553629558,1055.3146479144132,503.561162
859.0969763555294,292.35645548502606,291.52408961816514,98.76193491617839,1055.8186707393238,503.661165
858.9179970878365,292.36988321940106,291.45659010255264,98.64224751790364,1056.3217025757751,503.76114
858.9077059373594,292.36988321940106,291.3674333174979,98.5104471842448,1056.8279610877157,503.861165
858.9822971954463,292.37660725911456,291.2889358908126,98.38462829589844,1057.329582737314,503.96111
858.8688663181588,292.3799641927083,291.204421777588,98.25500742594402,1057.83590686149,504.061165
858.6924706507407,292.40346272786456,291.1744444407001,98.17633310953777,1058.3409377040743,504.161172
858.6553344053599,292.4068196614583,291.09210499711406,98.05013529459636,1058.8415266570494,504.261178
858.7497433130634,292.4135335286458,291.03788566266593,97.96051279703777,1059.3422965643822,504.361149
858.7669883263469,292.43031819661456,290.99417976377237,97.87168629964192,1059.8475803166139,504.461142
858.5654580552639,292.43031819661456,290.99417976377237,97.87168629964192,1060.3510427878955,504.561109
858.4142935274664,292.4269612630208,290.9183533037621,97.76516977945964,1060.8525315641707,504.661165
858.3774596407546,292.43703206380206,290.8685847120244,97.6773910522461,1061.3524264490434,504.761117
858.4884638497088,292.43703206380206,290.7948417351956,97.56919606526692,1061.854293194747,504.861099
858.3820934530211,292.4471028645833,290.7560687583747,97.49767557779948,1062.3540904486356,504.961104
858.3330472754329,292.4471028645833,290.7029977222793,97.41991170247395,1062.8554097357705,505.061167
858.4624244183973,292.4538167317708,290.6685114026171,97.35963948567708,1063.3555040378399,505.161259
858.2246000624999,292.4672444661458,290.6232621770521,97.27389272054036,1063.8527376506022,505.261185
858.1457420383737,292.4806722005208,290.58776602678137,97.20247141520183,1064.3496313316018,505.361169
858.1091126811635,292.4806722005208,290.5335962370386,97.12328847249348,1064.8479333708156,505.461174
858.1448166452487,292.4873860677083,290.4885977542999,97.04781595865886,1065.3481150938997,505.561122
858.1514883446773,292.4940999348958,290.4427214266233,96.97111002604167,1065.847671970141,505.661122
858.0568814415996,292.4940999348958,290.4427214266233,96.97111002604167,1066.346723311419,505.76113
857.8928468818151,292.49745686848956,290.39324876009323,96.8940658569336,1066.8486778528086,505.861139
857.8142921255749,292.51088460286456,290.33886399274513,96.79534912109375,1067.3484874992407,505.961179
857.9776849621392,292.5142415364583,290.28199497078924,96.70764414469402,1067.8492611026143,506.061167
857.7429805540072,292.5209554036458,290.2462313997141,96.64587656656902,1068.3481863903455,506.161168
857.7684386988232,292.52431233723956,290.19877783389245,96.57197570800781,1068.846693257105,506.261136
857.7176031545964,292.53774007161456,290.1567747706324,96.49153137207031,1069.3411765408496,506.361109
857.6835208971673,292.5478108723958,290.11564967894043,96.41725413004558,1069.842818388218,506.461128
857.6441898120088,292.55788167317706,290.06439383891575,96.32831573486328,1070.3459345501456,506.561122
857.5478219277755,292.55788167317706,290.0106264302401,96.25027465820312,1070.8492812449354,506.661151
857.5981313109353,292.5612386067708,289.9743215648378,96.19278462727864,1071.347282678186,506.761119
857.4525515338432,292.57802327473956,289.9470556311705,96.129150390625,1071.8499557662142,506.861129
857.4585526467525,292.57802327473956,289.9470556311705,96.129150390625,1072.349515616139,506.961159
857.4753870890239,292.5880940755208,289.9095887740827,96.06040700276692,1072.8520738210755,507.061182
857.2956530285308,292.59816487630206,289.87232997884723,95.99200693766277,1073.3513262095678,507.161265
857.2053971006476,292.60487874348956,289.8347938139674,95.92805480957031,1073.8510049130307,507.261133
857.1899261383089,292.61830647786456,289.7931009730619,95.84851837158203,1074.3521396241106,507.361148
857.0949789452184,292.6216634114583,289.73699920465396,95.76261393229167,1074.8543518031609,507.461143
857.1659988993924,292.6216634114583,289.69262590357164,95.69850413004558,1075.3554979746464,507.561087
857.1923986523854,292.63173421223956,289.63018782355647,95.59397633870442,1075.8566094039966,507.661117
857.1674603165305,292.6418151855469,289.585506315679,95.51513417561848,1076.3589050169091,507.761167
857.0026689303667,292.6451721191406,289.52967118944434,95.42985026041667,1076.8579472115648,507.86117
856.9345414832989,292.6552429199219,289.5155580231374,95.39516957600911,1077.3562017069178,507.961111
856.8391160293265,292.6653137207031,289.46197458981044,95.3036626180013,1077.8590732522007,508.06114
856.9038831060196,292.6787414550781,289.42919313067205,95.23738606770833,1078.3591740982329,508.161199
856.8607513251368,292.6787414550781,289.42919313067205,95.23738606770833,1078.8538231059738,508.26114
856.714580423548,292.6720275878906,289.3697031544064,95.16135152180989,1079.3506575909676,508.361133
856.6759622251184,292.6787414550781,289.33641403840096,95.10395812988281,1079.8464284013317,508.461129
856.6792965006165,292.6888122558594,289.29930845665416,95.03634897867839,1080.348816830855,508.561205
856.6325974316677,292.6988830566406,289.2499671638942,94.95121510823567,1080.8499163812323,508.661145
856.5885036697339,292.6955261230469,289.20560586700446,94.89230346679688,1081.3496855404094,508.761198
856.4951370985076,292.7055969238281,289.17061549231454,94.82785288492839,1081.8513957061239,508.86123
856.3998052159096,292.7089538574219,289.1239778694568,94.75624084472656,1082.3530339708213,508.961249
856.3763391110349,292.7190246582031,289.0828630925937,94.68309529622395,1082.8542550154484,509.061135
856.5164749483432,292.7190246582031,289.02307512949744,94.5974858601888,1083.3592186065327,509.161169
856.2961165702159,292.7290954589844,288.9711230243602,94.50893910725911,1083.8643333084585,509.261201
856.1775082787512,292.7223815917969,288.9224390847702,94.44878641764323,1084.363387263249,509.361155
856.1950465198721,292.7223815917969,288.9224390847702,94.44878641764323,1084.8645873406765,509.461144
856.2162986631582,292.7458801269531,288.8937887601641,94.3747329711914,1085.365881694101,509.561107
855.9229946564807,292.7324523925781,288.80517363994517,94.26707712809245,1085.8662094076071,509.661222
856.1283537427507,292.7492370605469,288.78021269191737,94.20785013834636,1086.361708684945,509.761199
856.0356130429374,292.7492370605469,288.7063369094831,94.1024881998698,1086.8577255589912,509.861149
856.1435671889692,292.7559509277344,288.64274686610423,94.00244903564453,1087.3531921227388,509.961148
855.8870854156875,292.7593078613281,288.61393454154785,93.95670827229817,1087.8484352521073,510.061108
855.8386344910614,292.7660217285156,288.5721911163162,93.88787841796875,1088.3442442263402,510.161215
855.8066988098135,292.7660217285156,288.53827842972225,93.83962758382161,1088.8400565634822,510.261157
855.7295851843833,292.7794494628906,288.489608212588,93.75162760416667,1089.336478718092,510.361174
855.641508808819,292.7794494628906,288.4272210922568,93.66297912597656,1089.8350318010591,510.461127
855.7229193950595,292.7828063964844,288.3891680409194,93.60425059000652,1090.3317688340014,510.561138
855.5933737670232,292.7828063964844,288.3891680409194,93.60425059000652,1090.830380123686,510.661126
855.463624601682,292.7895202636719,288.3426728429128,93.52888743082683,1091.32446553995,510.761101
855.5529229385471,292.7995910644531,288.2955533400341,93.44800821940105,1091.8216999835483,510.861171
855.3900310226693,292.7962341308594,288.2464932400706,93.38314310709636,1092.317112097516,510.961127
855.3559814494124,292.8063049316406,288.22012100176147,93.33175150553386,1092.8137149560846,511.061165
855.4200359042121,292.8029479980469,288.16769836797175,93.26218668619792,1093.3107644391616,511.161214
855.3328399709368,292.8130187988281,288.1359687729781,93.2032699584961,1093.8103290566494,511.261142
855.3887541310702,292.8163757324219,288.10317256671345,93.15220642089844,1094.3176752909196,511.361128
855.1883378561196,292.8163757324219,288.06806658638885,93.1025619506836,1094.8219451423422,511.461154
855.190340948475,292.8264465332031,288.039061057178,93.04757944742839,1095.3272921550765,511.561184
855.0360994362342,292.8197326660156,288.00114520741715,93.00332387288411,1095.8303795234924,511.661126
855.0775639755963,292.8298034667969,287.9871969730061,92.9696528116862,1096.3400846931618,511.761116
855.0982824587751,292.8298034667969,287.9871969730061,92.9696528116862,1096.8477033701051,511.861256
855.1177497443008,292.8298034667969,287.96658132065164,92.94054158528645,1097.356269061436,511.961161
854.9921822656889,292.8230895996094,287.9363042615778,92.9071044921875,1097.862775444028,512.061177
854.8181523522617,292.8298034667969,287.8932534865641,92.83705139160156,1098.3664484309916,512.161215
854.8557360641893,292.8331604003906,287.85255888764414,92.77500915527344,1098.866862526606,512.261151
854.8854906211262,292.8365173339844,287.7777140392722,92.66488138834636,1099.367977290565,512.361196
854.7914558328272,292.8465881347656,287.72147248812126,92.57176971435547,1099.8687960618556,512.461127
854.8346078550645,292.8465881347656,287.6573333707471,92.4815190633138,1100.3692513305882,512.561173
854.8662804130747,292.8533020019531,287.62872781954377,92.43203226725261,1100.8711749391598,512.661178
854.556114163556,292.8499450683594,287.594513410498,92.38856252034505,1101.3703407014755,512.761145
854.6846388087174,292.8566589355469,287.5694016726252,92.34402465820312,1101.8733483202143,512.86117
854.5171965687499,292.8633728027344,287.5536164856533,92.31260426839192,1102.3721897021221,512.961121
854.4031906920834,292.8633728027344,287.5536164856533,92.31260426839192,1102.8698173503822,513.061127
854.4063421791087,292.8566589355469,287.5035199012427,92.25149790445964,1103.3642952300074,513.161237
854.4188045410978,292.8633728027344,287.4642479515478,92.18714396158855,1103.863602164668,513.261192
854.363415351502,292.8600158691406,287.43082672285607,92.14487202962239,1104.361735916038,513.361149
854.3205824287799,292.8633728027344,287.4051525196063,92.10425313313802,1104.860930330427,513.461222
854.2006749645983,292.8667297363281,287.3715227384823,92.05249786376953,1105.3583435044561,513.56113
854.0727197028831,292.8667297363281,287.3420124866301,92.01114400227864,1105.8569891899608,513.661176
853.9830597833414,292.87681070963544,287.32330228147924,91.97110239664714,1106.3579591591895,513.761135
854.0404435226403,292.87681070963544,287.2933971051753,91.92922465006511,1106.8560135431335,513.861136
853.9193498337316,292.8801676432292,287.2757788109408,91.89995829264323,1107.3569184753367,513.961144
853.8641060736098,292.88352457682294,287.2421049891202,91.84823354085286,1107.8621764286402,514.061313
853.9883041367772,292.88352457682294,287.21306718068087,91.80761210123698,1108.359939661854,514.161141
853.9425218869012,292.88352457682294,287.21306718068087,91.80761210123698,1108.8642706034225,514.261153
853.906731400171,292.8868815104167,287.18935544775854,91.76985677083333,1109.3645619465678,514.361118
853.8582481520934,292.8868815104167,287.15972731550517,91.72843678792317,1109.8676558590785,514.46113
853.7611510601506,292.88352457682294,287.14670005844033,91.7148208618164,1110.3732099535175,514.56116
853.5435378437786,292.88352457682294,287.1323693943025,91.69479370117188,1110.8744475415267,514.661168
853.7827340203337,292.89023844401044,287.09467269863944,91.63295237223308,1111.3754342350758,514.761097
853.6554021481151,292.89695231119794,287.06610930971584,91.58389536539714,1111.8737339520058,514.861125
853.6721643305127,292.9003092447917,287.0313630444007,91.53081512451172,1112.37195546965,514.961164
853.490764400399,292.88352457682294,286.9718999114917,91.47076161702473,1112.8759244964358,515.061188
853.3213172758896,292.89695231119794,286.9723798277554,91.45311482747395,1113.377521774637,515.161251
853.4947572517023,292.89695231119794,286.95036407331605,91.42241668701172,1113.8814415961172,515.261201
853.4778732852209,292.9003092447917,286.92987737904235,91.3892822265625,1114.3840178295552,515.361139
853.4473752217267,292.9003092447917,286.92987737904235,91.3892822265625,1114.8850034352567,515.461201
853.2978083767665,292.89695231119794,286.87922854118096,91.32328033447266,1115.384025632561,515.561141
853.2713091532923,292.89695231119794,286.8546674375632,91.28907012939453,1115.880470864644,515.661166
853.1435194163913,292.89695231119794,286.82569534877223,91.2487284342448,1116.3784965504074,515.761162
853.158975671788,292.90366617838544,286.8014609363028,91.2058614095052,1116.8768672443762,515.861158
853.1110042511858,292.9003092447917,286.7601167825099,91.15290069580078,1117.3743466735896,515.961187
853.0591368989255,292.89023844401044,286.74904509874426,91.15118916829427,1117.8722100148518,516.06121
852.9649166541654,292.8935953776042,286.7299589536725,91.12007904052734,1118.3686000233672,516.161263
852.9781217899186,292.8935953776042,286.71306456017874,91.09658559163411,1118.865866911619,516.26117
853.135213122432,292.8935953776042,286.6975827738326,91.07506052652995,1119.3635354960256,516.361107
852.8344034773513,292.9003092447917,286.68200261984947,91.04428609212239,1119.8646315168628,516.461133
853.036725449554,292.89695231119794,286.67619799357016,91.04077657063802,1120.3641716659736,516.561126
852.7753277486631,292.89695231119794,286.67619799357016,91.04077657063802,1120.864734634561,516.661226
852.5768555761913,292.89695231119794,286.65798737687703,91.01546986897786,1121.3609497829725,516.761174
852.6499336672317,292.9003092447917,286.63977324061875,90.98560841878255,1121.860467989107,516.861219
852.6614860298164,292.89695231119794,286.6285799194164,90.97461446126302,1122.356847970485,516.961149
852.5738764270877,292.9003092447917,286.613577543537,90.94922383626302,1122.8585127108965,517.061215
852.410495878146,292.89695231119794,286.59782188217497,90.93189748128255,1123.3534654312377,517.161253
852.5208013116165,292.9070231119792,286.5915015291664,90.90946706136067,1123.8506964786034,517.261139
852.3700270735608,292.90366617838544,286.57329953716675,90.88875071207683,1124.3520928917878,517.361175
852.4717762798136,292.90366617838544,286.5479273895312,90.8535385131836,1124.8470270981265,517.461188
852.3596815892837,292.89695231119794,286.51313853898796,90.81436665852864,1125.339916551308,517.56117
852.1617749425444,292.89695231119794,286.4869334939953,90.77802022298177,1125.8347970652273,517.661161
852.2277782687859,292.9070231119792,286.48911717085576,90.76741536458333,1126.331378893333,517.761199
852.2620386145331,292.9070231119792,286.48911717085576,90.76741536458333,1126.82606987482,517.861171
851.9745484455103,292.9003092447917,286.4636524707045,90.74119567871094,1127.3230814003653,517.961151
852.0006932837482,292.9003092447917,286.4469174126982,90.71799723307292,1127.8175947734835,518.061167
851.8230086780568,292.9003092447917,286.43861106337437,90.70648447672527,1128.3125187693488,518.161123
851.8551666870948,292.9003092447917,286.4270116719122,90.69040934244792,1128.807901506875,518.261133
852.0079238907107,292.89695231119794,286.40233478690334,90.66075642903645,1129.3029691906822,518.361144
851.6792707974008,292.89695231119794,286.4008369179157,90.65868123372395,1129.802667050811,518.461191
851.8441723038824,292.9003092447917,286.39438157487047,90.64520009358723,1130.2974281924778,518.561172
851.7745757586689,292.90367635091144,286.38294784728305,90.62481180826823,1130.7967360865991,518.661194
851.8155643358996,292.9003092447917,286.36225713180255,90.6007080078125,1131.294321240781,518.761143
851.6484709678499,292.9003092447917,286.3600844701678,90.59769948323567,1131.797460986592,518.861211
851.7202579561906,292.8935953776042,286.330705861293,90.56609344482422,1132.3027467278182,518.961111
851.6348548196801,292.8935953776042,286.330705861293,90.56609344482422,1132.8079699932891,519.061179
851.3914326293524,292.90367635091144,286.3313554727144,90.55337778727214,1133.3130951063615,519.161249
851.3584085985726,292.9003092447917,286.32071186793206,90.54319254557292,1133.8160976800925,519.261115
851.4046549606951,292.89023844401044,286.3105009744287,90.54265848795573,1134.319300228178,519.361155
851.4472469949642,292.89695231119794,286.3085488847713,90.53089141845703,1134.8255531879038,519.461202
851.2952953175151,292.8935953776042,286.2900098052885,90.50976816813152,1135.329163663565,519.561137
851.4369756728718,292.8935953776042,286.28275902664353,90.49973551432292,1135.831026482387,519.661138
851.1960376567298,292.89023844401044,286.27885763145923,90.49886830647786,1136.3358937742682,519.761399
851.1104033433501,292.89023844401044,286.27131768914535,90.48843638102214,1136.8392502751922,519.86118
851.0895911906518,292.8868815104167,286.2589106497471,90.47580210367839,1137.340679285501,519.961113
851.1351096133134,292.89023844401044,286.2268882229843,90.42698415120442,1137.8470223659879,520.061176
850.9235504347389,292.8868815104167,286.2158436533386,90.41623942057292,1138.3478794894368,520.161301
850.9880511076661,292.8868815104167,286.2158436533386,90.41623942057292,1138.8474591318093,520.261117
850.9928556471432,292.8935953776042,286.22119584887196,90.41458638509114,1139.3442694056105,520.361106
850.899859521009,292.89023844401044,286.20418298719875,90.39559173583984,1139.840030907864,520.461177
850.8850444666377,292.89023844401044,286.1896543347425,90.37550862630208,1140.339327087454,520.56112
850.7849378079719,292.88352457682294,286.1759774843276,90.36565399169922,1140.8349997267449,520.661133
850.7862478111346,292.89023844401044,286.1820882439446,90.36505126953125,1141.336664830321,520.76148
850.8072324740959,292.89023844401044,286.17514165361047,90.35545094807942,1141.8334240841225,520.861117
850.7080192211074,292.88352457682294,286.16874955348135,90.3556645711263,1142.3334924212875,520.9611
850.6021596811571,292.89023844401044,286.1821048046881,90.36507415771484,1142.8340107151275,521.061208
850.5498541210665,292.88352457682294,286.16595243304283,90.35179901123047,1143.3293211676678,521.161093
850.5542946792265,292.87681070963544,286.15340473786944,90.343505859375,1143.8299054123515,521.261141
850.4224431303307,292.8868815104167,286.1630201490499,90.34322357177734,1144.3297635072688,521.361138
850.559287225778,292.8868815104167,286.1630201490499,90.34322357177734,1144.8340568147441,521.461129
850.3510841794981,292.8801676432292,286.1497727214434,90.33396402994792,1145.3365396245306,521.561149
850.2664149965015,292.8801676432292,286.1431908753392,90.32486979166667,1145.8399942854887,521.661121
850.2526034366434,292.88352457682294,286.1454515747439,90.32347106933594,1146.3409647134179,521.761271
850.2156448330228,292.8734537760417,286.12608834636774,90.31028493245442,1146.8481688737745,521.861247
850.0947580107392,292.86338297526044,286.1109349072396,90.30291493733723,1147.3504701047839,521.961096
850.1396877422239,292.87009684244794,286.10194943199673,90.28146107991536,1147.8530447316123,522.061222
849.9202054135369,292.8734537760417,286.0996631933038,90.27378336588542,1148.354730816824,522.161111
849.9033464899335,292.8734537760417,286.0844613577701,90.25278981526692,1148.8559239694716,522.261167
850.1228221841562,292.86338297526044,286.08059601714086,90.2610092163086,1149.3547846487418,522.36109
849.9320859144474,292.8734537760417,286.09663408776464,90.26959991455078,1149.851165439065,522.46113
849.8293346588833,292.85666910807294,286.0794389452364,90.26845041910808,1150.3481473640152,522.5611
849.9003604856916,292.85666910807294,286.0794389452364,90.26845041910808,1150.848187857037,522.661157
849.7716834944948,292.85666910807294,286.0788533979557,90.26764170328777,1151.3492283390426,522.761246
849.8948614810392,292.8667399088542,286.0887042096141,90.26768747965495,1151.847392728156,522.861162
849.7233903285226,292.84995524088544,286.0655578005253,90.25831858317058,1152.346666300718,522.961105
849.5732255396196,292.8667399088542,286.08194410278765,90.2583516438802,1152.8458082091852,523.061158
849.5131754285509,292.85666910807294,286.07710225657445,90.26522318522136,1153.345050629389,523.16123
849.5736659860869,292.86338297526044,286.07688532077856,90.25588480631511,1153.841894177122,523.261141
849.3398943822626,292.8533121744792,286.05240648811235,90.23563893636067,1154.3428979066382,523.361175
849.3419677463403,292.85666910807294,286.03484502951187,90.20687611897786,1154.8455175296951,523.461145
849.476831395458,292.8465983072917,286.01706472919597,90.19588216145833,1155.3455311997823,523.561149
849.4414774328633,292.84324137369794,286.01234102093173,90.19387817382812,1155.848668259468,523.661161
849.2816337561562,292.8465983072917,285.9785982711633,90.14279683430989,1156.3504204189285,523.761349
849.184998505028,292.84995524088544,285.9818697099912,90.14279683430989,1156.8467997908292,523.861134
849.3458959128175,292.8398844401042,285.970604816194,90.1407953898112,1157.3466056185157,523.961124
849.1053523970086,292.8331705729167,285.94989996246244,90.12125651041667,1157.845977816477,524.061184
849.1681590773275,292.8398844401042,285.9411014416317,90.10009511311848,1158.3469631312887,524.161226
849.376543496263,292.84995524088544,285.91264008666286,90.04731750488281,1158.8433117004395,524.261176
849.056203387605,292.8465983072917,285.9082184204802,90.04573059082031,1159.3421817938065,524.361149
849.0296168102285,292.8398844401042,285.8938279336901,90.03490956624348,1159.8415565763592,524.461169
848.998547267456,292.82981363932294,285.8851805428379,90.03651428222656,1160.342881470629,524.561103
848.9343581029779,292.83652750651044,285.86946518961923,90.0058364868164,1160.843645030299,524.661128
848.9963527580444,292.8331705729167,285.85044273326616,89.98412831624348,1161.3463613243343,524.761173
848.7739762495377,292.82981363932294,285.8463643671318,89.98301442464192,1161.8481570101123,524.861177
848.6541525050684,292.83652750651044,285.8520387940832,89.98182169596355,1162.3495999562092,524.961129
848.5987849717626,292.83652750651044,285.8520387940832,89.98182169596355,1162.8511869085182,525.061179
848.6933002057842,292.83652750651044,285.84575793727555,89.9731674194336,1163.353445670246,525.16116
848.5824741570134,292.8264567057292,285.8295212789394,89.96431223551433,1163.851057699241,525.261117
848.5679095406574,292.8264567057292,285.8225770355562,89.95474497477214,1164.3452935946966,525.361139
848.2812995767574,292.82309977213544,285.79878350825356,89.92647298177083,1164.8407130866465,525.461142
848.3813926957362,292.8197428385417,285.78635005320797,89.91385142008464,1165.3350016959255,525.56111
848.3366961669739,292.82309977213544,285.7461420195003,89.85398864746094,1165.8297298275425,525.661167
848.4438734773172,292.82309977213544,285.7390750396844,89.8442611694336,1166.3285908715588,525.761236
848.3740279418566,292.82309977213544,285.7259187607663,89.82615407307942,1166.8280653779632,525.861167
848.2989704759729,292.8197428385417,285.69853158577695,89.79296620686848,1167.3279336250944,525.961093
848.3484273896689,292.8130187988281,285.6726285457002,89.76633707682292,1167.8311888780613,526.061178
848.1987182456048,292.8130187988281,285.5874979804239,89.6492919921875,1168.3323309923353,526.161262
848.0525828728246,292.8130187988281,285.5874979804239,89.6492919921875,1168.834045740419,526.26109
848.1449913733123,292.8130187988281,285.5575184851498,89.60810089111328,1169.3396433539508,526.361086
848.054697691304,292.8096618652344,285.47483855273026,89.49905649820964,1169.8414111082154,526.461125
847.9271255255858,292.8130187988281,285.4140185290641,89.4111328125,1170.3418567874542,526.561115
847.9641396410284,292.8130187988281,285.3332418819736,89.30040232340495,1170.8431052901192,526.661173
847.8963170638411,292.8096618652344,285.24347908591784,89.18194071451823,1171.3476964106997,526.761235
847.8044071735299,292.8197428385417,285.1952414087703,89.10252888997395,1171.850929104141,526.86114
847.784977021369,292.8130187988281,285.0939574630461,88.97299194335938,1172.351244125943,526.961289
847.896132748413,292.82309977213544,285.0434147651981,88.89058176676433,1172.8557167910217,527.061223
847.7063477042805,292.8197428385417,284.97163247893315,88.79705810546875,1173.3560440517435,527.161114
847.6409408785768,292.8197428385417,284.88600174617557,88.68028767903645,1173.858878087195,527.261179
847.6049056595521,292.8197428385417,284.88600174617557,88.68028767903645,1174.3603380103812,527.361104
847.7056000521792,292.81638590494794,284.8167849224756,88.59042104085286,1174.8644544797748,527.461146
847.3693315048841,292.81638590494794,284.743697002371,88.49092102050781,1175.3682685754052,527.561147
847.5265281158074,292.81638590494794,284.67214633624565,88.39359537760417,1175.867727438784,527.661149
847.3886539894761,292.8197428385417,284.61191694262124,88.30730946858723,1176.3687225796982,527.761124
847.3903792373359,292.8130187988281,284.501131682429,88.16573079427083,1176.8696808551144,527.861133
847.3519475423549,292.8197428385417,284.5065711425229,88.16426849365234,1177.370314965451,527.961129
847.2825562620336,292.82309977213544,284.4739185719055,88.11555480957031,1177.868616743623,528.06121
847.3240393251122,292.82309977213544,284.4518613470162,88.08563995361328,1178.3679834237826,528.161093
847.1981593466205,292.81638590494794,284.42156939382414,88.05338795979817,1178.8693758945692,528.261133
847.0501525362731,292.82309977213544,284.3867630935056,87.99739583333333,1179.3665541012383,528.361115
847.0000361921077,292.8130289713542,284.32684059645885,87.92943572998047,1179.8661859859442,528.461112
846.9373694696822,292.8130289713542,284.32684059645885,87.92943572998047,1180.3642477152746,528.56119
846.9878859998149,292.81638590494794,284.31059222314474,87.90303039550781,1180.8661011765219,528.66111
846.8529096725625,292.8197428385417,284.2707860519077,87.84474690755208,1181.3695108586107,528.761188
846.8262118619406,292.8197428385417,284.0699971174752,87.57333882649739,1181.8693663983631,528.861176
846.7579267223597,292.81638590494794,283.8028088661847,87.21752675374348,1182.3695841213907,528.961137
846.7132168864034,292.8197428385417,283.5100050122135,86.81973266601562,1182.873158004311,529.061334
846.7128833484951,292.82309977213544,283.2733801265301,86.49843851725261,1183.3703184902704,529.16113
846.6751874374906,292.80967203776044,282.9914952359336,86.13926188151042,1183.8674093899729,529.261144
846.644844313837,292.8063049316406,282.6184699328754,85.64722696940105,1184.3690634630327,529.361127
846.5838846826315,292.80967203776044,282.32061068600274,85.24815368652344,1184.8690361694792,529.461136
846.5661640571116,292.8063151041667,282.043371005973,84.88619740804036,1185.3745739965334,529.561107
846.4341451174297,292.8130289713542,281.6860138646681,84.40743764241536,1185.877251915957,529.661128
846.4055996613813,292.81638590494794,281.58390868929877,84.2692159016927,1186.3811161415272,529.761114
846.4465668321583,292.8130289713542,281.35652557738086,83.97559865315755,1186.886568544936,529.861122
846.3817543766693,292.8130289713542,281.2265983257654,83.80577087402344,1187.3936713679582,529.961179
846.2234562703379,292.8063151041667,281.0104431553846,83.5321756998698,1187.8962606969862,530.061154
846.2145657484776,292.81638590494794,280.9600022268861,83.45393625895183,1188.3989728997046,530.161189
846.0843468436865,292.8130289713542,281.0480176763918,83.57277170817058,1188.9011629854178,530.261124
846.1379630151521,292.81638590494794,280.97865066145096,83.47821807861328,1189.400202048104,530.361163
846.0378906281264,292.8197428385417,280.91669578628904,83.39339192708333,1189.8962036583462,530.461152
846.0018193581263,292.8130289713542,281.03440099152647,83.55502573649089,1190.3942568066511,530.561111
845.8882833018483,292.80967203776044,280.90587329367173,83.39183807373047,1190.8917868407257,530.661167
845.8447432960933,292.8130289713542,280.5956553353588,82.98475138346355,1191.3892608055996,530.761152
845.8505159365408,292.80967203776044,280.26092000993106,82.55578358968098,1191.8840894076868,530.861106
845.7130780631517,292.80967203776044,280.26092000993106,82.55578358968098,1192.3807408420203,530.961149
845.8142475098598,292.80967203776044,280.01650079434046,82.24060312906902,1192.8776026715811,531.061137
845.8144143104156,292.80295817057294,279.72741473675455,81.87719980875652,1193.3725381807806,531.161265
845.6291161750668,292.81638590494794,279.5497275276681,81.63304646809895,1193.8708486197943,531.261196
845.4993144062959,292.80967203776044,279.3496947991461,81.3853759765625,1194.3698343080594,531.361143
845.5583772922311,292.8130289713542,279.1664731622006,81.14749908447266,1194.8723987162948,531.461277
845.5210472713213,292.80967203776044,279.01861134083424,80.96324412027995,1195.3745857696852,531.561135
845.4727413321488,292.8197428385417,278.9022616291936,80.8031514485677,1195.87457622139,531.661167
845.4781791406391,292.80967203776044,278.7369137013253,80.60538482666016,1196.3732530092168,531.761101
845.4170950027493,292.8130289713542,278.6317201073506,80.46802775065105,1196.873357089754,531.861102
845.3157681330749,292.8130289713542,278.4601903379014,80.25099182128906,1197.372950731903,531.961101
845.309482911123,292.8197428385417,278.2944624798076,80.03370157877605,1197.871397264936,532.061106
845.2091259868158,292.8197428385417,278.2944624798076,80.03370157877605,1198.3711094178227,532.161203
845.2173146703083,292.8197428385417,278.18782325372365,79.89927419026692,1198.8698951772162,532.26113
845.1743056096902,292.8130289713542,278.0177328958439,79.69319661458333,1199.3694756325162,532.361156
845.1153751848751,292.8197428385417,277.9311895224057,79.5764668782552,1199.8689839022732,532.461164
844.9588454601586,292.8197428385417,277.8512222583196,79.47608184814453,1200.367212087148,532.561133
845.0090340672057,292.82981363932294,277.76068066481776,79.35061645507812,1200.8664444454434,532.661142
844.821818004807,292.82309977213544,277.6685697978059,79.24318440755208,1201.3689814991121,532.761202
844.9335124964379,292.82981363932294,277.52515700687235,79.05587768554688,1201.8681192249028,532.861133
844.8851587102301,292.81638590494794,277.4294561921979,78.95216623942058,1202.3673882795154,532.961094
844.6865821544419,292.8264567057292,277.31412012802025,78.79643249511719,1202.8677985690417,533.061222
844.8385158383219,292.8264567057292,277.1333095130469,78.57128397623698,1203.3669063808022,533.161125
844.6502696485576,292.8264567057292,276.97952523510395,78.38017272949219,1203.8684390786268,533.26115
844.6906141297281,292.8264567057292,276.8957545183558,78.27621714274089,1204.368905985217,533.36111
844.4780969937202,292.8331705729167,276.7083358680039,78.03620147705078,1204.867102236892,533.461105
844.5240465988732,292.8398844401042,276.4458263779308,77.70409647623698,1205.370038062585,533.561162
844.550596363223,292.82981363932294,276.1984207249433,77.41102854410808,1205.871362366414,533.661161
844.4543379327328,292.8197428385417,276.0128320766562,77.19462076822917,1206.3746942694365,533.761137
844.2877318394223,292.81638590494794,275.8263928267803,76.96990458170573,1206.8734971700346,533.861207
844.3349056867327,292.82981363932294,275.6244233086741,76.70749409993489,1207.374466261308,533.961143
844.2411292629263,292.82981363932294,275.4050234396862,76.43986511230469,1207.877561585523,534.061124
844.2534814600631,292.82981363932294,275.2440005688192,76.243896484375,1208.375490766527,534.161169
844.27687626148,292.8264567057292,275.0662416274905,76.0318094889323,1208.8773228835557,534.26113
844.2011997098617,292.83652750651044,274.91645396842466,75.8388442993164,1209.3780810005208,534.361153
844.1020116765457,292.8398844401042,274.7478626578613,75.63111623128255,1209.8791801144282,534.4611
844.1109602936823,292.8398844401042,274.7478626578613,75.63111623128255,1210.378748853078,534.561127
844.2302849621796,292.84324137369794,274.597088840215,75.4453125,1210.8770613594643,534.661181
843.9246673775325,292.84324137369794,274.45091392813674,75.2691650390625,1211.3761215318923,534.761099
843.9561297580053,292.82981363932294,274.2400508617085,75.03064219156902,1211.8744980725792,534.861148
843.8774680255308,292.83652750651044,274.04064761120225,74.78393046061198,1212.376418590746,534.961115
843.7092001772934,292.84324137369794,273.87562346196495,74.57894134521484,1212.8779854699458,535.061223
843.6525590866991,292.8398844401042,273.68549321718285,74.35560862223308,1213.379547719008,535.161165
843.7274002623494,292.8465983072917,273.50947086658476,74.13843282063802,1213.8763777788947,535.261122
843.6652548295398,292.8465983072917,273.29354115845706,73.88176727294922,1214.3760998386865,535.361114
843.6799734232771,292.8600260416667,273.1724741922232,73.723388671875,1214.8729724513528,535.461162
843.5432562538749,292.86338297526044,273.0227646464977,73.54244740804036,1215.3697426271003,535.561145
843.4707018708267,292.8667399088542,272.8565272523412,73.3423360188802,1215.867450915013,535.661126
843.5429143532414,292.8667399088542,272.8565272523412,73.3423360188802,1216.3672371946736,535.761227
843.4719017045994,292.87009684244794,272.7068006134865,73.16209411621094,1216.8684408666468,535.861124
843.4663357584363,292.8734537760417,272.5475365408204,72.97097778320312,1217.3673811728245,535.961123
843.3187676369956,292.8667399088542,272.3913516664311,72.79479217529297,1217.8634840404877,536.061274
843.1297756066358,292.8801676432292,272.2415701216513,72.60460917154948,1218.3616456047791,536.161155
843.2949960329072,292.8868815104167,272.096341517683,72.42739613850911,1218.8583469675546,536.261187
843.216159119117,292.8935953776042,271.9335814734167,72.23006439208984,1219.3589607451588,536.361113
843.1611451638555,292.9003092447917,271.78001400027324,72.04385375976562,1219.858177615432,536.461167
843.0729077100102,292.90366617838544,271.59842301240195,71.8290532430013,1220.360588518212,536.561149
842.8644293164579,292.9003092447917,271.3981947195492,71.60031382242839,1220.8590943167562,536.661139
843.0110513051491,292.9070231119792,271.17671808514797,71.33684539794922,1221.361344560501,536.761195
842.866022200147,292.91709391276044,270.9224929372431,71.03283945719402,1221.8629340342338,536.861127
842.763924638331,292.9204508463542,270.64287745219855,70.70777384440105,1222.3646710620924,536.961161
842.9192181054817,292.9204508463542,270.64287745219855,70.70777384440105,1222.8709013988139,537.061204
842.7009176326034,292.9204508463542,270.37143934491036,70.39672597249348,1223.3689186956153,537.161119
842.7537968989064,292.93052164713544,270.1530947494922,70.1367416381836,1223.8678350198556,537.261128
842.7820707105031,292.9473063151042,269.92198506300525,69.8559939066569,1224.370419856258,537.361165
842.4669353248912,292.9473063151042,269.68003511399706,69.58125813802083,1224.868335662877,537.461172
842.525161355407,292.95066324869794,269.4480066632973,69.31509145100911,1225.3668584223092,537.561161
842.4949036605161,292.95066324869794,269.2574783170142,69.09995524088542,1225.8664095104314,537.661198
842.6089537608739,292.96409098307294,269.0591130485395,68.8627217610677,1226.3671628491445,537.76116
842.5967272044807,292.97080485026044,268.87964201389184,68.65420150756836,1226.8683754233004,537.861163
842.2733933535317,292.97080485026044,268.7072270804895,68.46092478434245,1227.3705200793215,537.961117
842.2509798569841,292.97751871744794,268.54459563749714,68.27216084798177,1227.8743772688092,538.061135
842.216075206861,292.9875895182292,268.3710447240279,68.06822077433269,1228.375555088023,538.161131
842.1907681170428,292.9875895182292,268.3710447240279,68.06822077433269,1228.8769945956728,538.261116
842.2808471003899,292.99094645182294,268.2394972132676,67.91828791300456,1229.3789392859005,538.361137
842.0693892096621,292.99094645182294,268.08199536052325,67.74316787719727,1229.8828339918803,538.461164
842.1102949152505,292.9943033854167,267.9660374872786,67.61107508341472,1230.3855866846097,538.561185
842.1038337846701,292.9943033854167,267.81762009333846,67.44661712646484,1230.8921050339086,538.661115
842.1330782209297,293.01108805338544,267.7185108180712,67.3201192220052,1231.3947798763052,538.761109
841.9642345068736,292.99766031901044,267.6175511749685,67.22204335530598,1231.8988099802175,538.861148
841.8875224542384,293.01780192057294,267.56341359278395,67.14212036132812,1232.4015235386257,538.961148
841.700107382324,293.0144449869792,267.51751569696495,67.0948600769043,1232.9063276855468,539.061162
841.4710251645032,293.01781209309894,267.45386731937276,67.02134704589844,1233.409524279912,539.16121
841.6535656663498,293.0278828938802,267.41490285369764,66.96837870279948,1233.9132299912535,539.261158
841.5588324430823,293.03795369466144,267.4058127960426,66.94832102457683,1234.4152003142015,539.36117
841.6290616737433,293.03795369466144,267.4058127960426,66.94832102457683,1234.9182371301965,539.461192
841.614350311428,293.0413106282552,267.4063389354504,66.94555028279622,1235.4201927438016,539.56117
841.5356837659571,293.0480244954427,267.4688886173729,67.0077133178711,1235.9199855722416,539.661152
841.4564733388765,293.0413106282552,267.50340026149235,67.05244064331055,1236.4215536955621,539.761146
841.3486449369881,293.0547383626302,267.54172201973944,67.08125178019206,1236.9204506347658,539.861182
841.3526463268349,293.0547383626302,267.5227000870698,67.06028747558594,1237.4199360101384,539.961112
841.4279007242569,293.06480916341144,267.5242389172879,67.05191802978516,1237.9183858493188,540.061189
841.2195423395248,293.06480916341144,267.52534909773925,67.05314127604167,1238.4199266393737,540.161271
841.271575810353,293.07152303059894,267.5333092136962,67.05520248413086,1238.9159689695343,540.261261
841.3917413426395,293.0748799641927,267.5262946963527,67.04411951700847,1239.4181554853383,540.361152
841.1753490428051,293.07152303059894,267.5133420653667,67.03320439656575,1239.9171626391676,540.461211
841.1389550694445,293.0748799641927,267.5180279937358,67.03501256306966,1240.4170053973062,540.561112
841.0205299402321,293.0748799641927,267.5180279937358,67.03501256306966,1240.9154713069915,540.66115
840.8910919673364,293.0748799641927,267.52860534187744,67.04666519165039,1241.4136180438657,540.76115
840.8931209049459,293.09837849934894,267.50976059071616,67.00243759155273,1241.909878422127,540.861146
840.9786893324239,293.09166463216144,267.4704995306293,66.96591822306316,1242.4084814088696,540.961148
840.6087974643222,293.09166463216144,267.44336084621165,66.93605295817058,1242.9046029620818,541.061092
840.817685968079,293.10174560546875,267.4437407034242,66.92641576131184,1243.404806649815,541.161229
840.6500394615317,293.1051025390625,267.4129345682097,66.88918558756511,1243.9019986311516,541.26115
840.7355318466639,293.11181640625,267.38855572497874,66.85569254557292,1244.4053081858385,541.361151
840.6824738934852,293.11181640625,267.3642600954071,66.8289909362793,1244.903805510007,541.461205
840.5700025553518,293.11181640625,267.3371025798539,66.79915364583333,1245.40578957553,541.561166
840.3614228213548,293.11181640625,267.32173797094754,66.7822774251302,1245.9053316130912,541.661137
840.6385163653881,293.11517333984375,267.2867613767483,66.74053319295247,1246.4018031970368,541.761137
840.4183527799818,293.11517333984375,267.2867613767483,66.74053319295247,1246.906305232118,541.861147
840.3105580526732,293.125244140625,267.2621481464053,66.70350774129231,1247.4056018520414,541.96116
840.4029576228812,293.12188720703125,267.2306114732747,66.67224629720052,1247.9076359148116,542.06119
840.312012831339,293.125244140625,267.1971236191765,66.63218943277995,1248.4057311126617,542.161179
840.3261497472273,293.1319580078125,267.19538257820903,66.62361526489258,1248.9073847636328,542.261171
840.1345703000039,293.138671875,267.17876643990854,66.59873962402344,1249.4110802384662,542.361115
840.194336552679,293.14202880859375,267.16979579262716,66.58557891845703,1249.9116343933345,542.461182
840.1192118108705,293.138671875,267.1456811004166,66.56248982747395,1250.4173314365726,542.561184
840.0568356299212,293.14202880859375,267.13270883885787,66.54495239257812,1250.922738030816,542.661178
840.0660777179867,293.152099609375,267.0982490409699,66.49724197387695,1251.426110717406,542.761129
839.9755740262295,293.14874267578125,267.0864262138906,66.48762766520183,1251.9313149833156,542.861139
839.9268226717721,293.1588134765625,267.05033522331155,66.43816757202148,1252.4375816593317,542.961166
839.9301981268621,293.1588134765625,267.05033522331155,66.43816757202148,1252.9445410250516,543.061153
839.6025655797672,293.16552734375,267.03244237928703,66.41195551554362,1253.4502847063468,543.161219
839.657930976761,293.16217041015625,266.97252066779873,66.34977849324544,1253.950856290946,543.261144
839.8225598782843,293.17559814453125,266.9847653174058,66.34988403320312,1254.453735523673,543.36116
839.762212488741,293.16888427734375,266.91884916533024,66.2845230102539,1254.95295478789,543.461151
839.6017339449626,293.1722412109375,266.8760724572366,66.23451868693034,1255.4581265410957,543.561132
839.5167006209475,293.18231201171875,266.8630207892529,66.21034367879231,1255.957388609623,543.661134
839.5891280213199,293.19573974609375,266.7966942132285,66.12479400634766,1256.4544385140705,543.761129
839.4401954367909,293.20245361328125,266.75508161511095,66.07285181681316,1256.9563735157453,543.861175
839.4912709722416,293.205810546875,266.6931653560343,66.0021489461263,1257.4581163582513,543.961121
839.4405087090344,293.21588134765625,266.63556928935685,65.92960866292317,1257.9604858555854,544.061136
839.3870114589793,293.22259521484375,266.58156833601913,65.86433283487956,1258.4592476503378,544.161245
839.2806558280195,293.22259521484375,266.58156833601913,65.86433283487956,1258.9617110014806,544.261184
839.2625475309112,293.2259521484375,266.51584500638216,65.78967539469402,1259.4626400979118,544.361174
839.2678619237578,293.24945068359375,266.4935754183496,65.742493947347,1259.9633723509114,544.461123
839.1315841547472,293.25616455078125,266.42180481440886,65.65811411539714,1260.4659419540499,544.56116
839.0470984345798,293.27294921875,266.38323075997135,65.5999247233073,1260.9708153463866,544.661164
838.9895253493934,293.286376953125,266.32916332158726,65.52829488118489,1261.4699316809279,544.761143
839.0640673125962,293.3065185546875,266.26556907765024,65.43989181518555,1261.9692280155475,544.86113
838.9304908756011,293.3199462890625,266.2485388017411,65.4084103902181,1262.467271396107,544.961153
838.9135032677614,293.32666015625,266.19299667028207,65.34190114339192,1262.9660667677401,545.061124
838.9898608202203,293.34344482421875,266.16210614084684,65.29224650065105,1263.4647889568678,545.161152
838.8211784626318,293.3602294921875,266.0982685902494,65.20711771647136,1263.9637350825058,545.261125
838.9537709241357,293.36358642578125,266.0255885997786,65.12558364868164,1264.4612053044546,545.361126
838.6430378326025,293.36358642578125,266.0255885997786,65.12558364868164,1264.959043269215,545.46117
838.6876508918037,293.37030029296875,265.99564328079396,65.08684794108073,1265.455953185709,545.561144
838.7283094052988,293.38037109375,265.9404250288158,65.01770655314128,1265.9552340568773,545.661163
838.5284161566648,293.39044189453125,265.91003151183173,64.97529602050781,1266.4521469013791,545.76114
838.5959201954703,293.40386962890625,265.8696810810817,64.91897328694661,1266.9503547884847,545.861186
838.4988128441588,293.4105936686198,265.8325694562479,64.8726412455241,1267.4488961610682,545.961123
838.4118742736335,293.4105936686198,265.77366543029603,64.80945332845052,1267.9465689760002,546.061172
838.3440925276387,293.42066446940106,265.7119701467456,64.73361714680989,1268.444347875538,546.161111
838.2481443164492,293.42066446940106,265.6867623079568,64.70661544799805,1268.9434319304023,546.261207
838.3121374297692,293.43410237630206,265.6068544409546,64.608154296875,1269.439171662014,546.361151
838.3881600853992,293.4374593098958,265.53566196004164,64.52880986531575,1269.9390020154956,546.461154
838.1679841490238,293.44081624348956,265.489828443553,64.47662099202473,1270.4401293724725,546.561195
838.1527249247541,293.44753011067706,265.4458975131851,64.423277537028,1270.9398995318188,546.661185
838.0218738946162,293.4576009114583,265.41927147063785,64.38521321614583,1271.4381168057596,546.76119
838.0466939469735,293.4643147786458,265.33971091743473,64.2939567565918,1271.942061615204,546.861147
838.1053625320341,293.4643147786458,265.3119959802016,64.26442845662434,1272.4439878330063,546.961188
837.8484775737851,293.4710286458333,265.2901216878814,64.23471196492513,1272.9454885659106,547.061176
837.9259179980276,293.47438557942706,265.2620561372406,64.20162455240886,1273.4493177440302,547.161167
837.8985031803928,293.4777425130208,265.2396290722247,64.17455037434895,1273.9530674298016,547.261141
837.7285074237614,293.4777425130208,265.19196455380444,64.12384796142578,1274.4539756331735,547.361163
837.8111885620906,293.4911702473958,265.205659143784,64.12559763590495,1274.9603415602198,547.461169
837.8478355428283,293.48781331380206,265.18451588717016,64.10631942749023,1275.4605689447947,547.56116
837.6920255054803,293.4978841145833,265.1483145156411,64.05824025472005,1275.964800679499,547.661152
837.6982281485715,293.50124104817706,265.1326314802108,64.03837966918945,1276.4650577155842,547.76114
837.6860314688754,293.50124104817706,265.1076318188132,64.01182810465495,1276.9666201297252,547.861116
837.4036940317393,293.5045979817708,265.1101028056544,64.01125462849934,1277.46968884854,547.961185
837.3203136272874,293.50795491536456,265.10252269721695,64.00000890096028,1277.9670128205769,548.061249
837.4739094515687,293.51466878255206,265.0797583069393,63.969451904296875,1278.4660987109762,548.161165
837.3135344187467,293.51466878255206,265.0495677192523,63.937416076660156,1278.9665277324334,548.261119
837.2989162581065,293.5180257161458,265.0290860953076,63.912497202555336,1279.4639767286014,548.36114
837.3482534632329,293.5247395833333,264.9985450060555,63.873730977376304,1279.9650522903428,548.46113
837.1050610332763,293.52138264973956,264.95236835764143,63.827982584635414,1280.464623764864,548.561185
837.2436815136213,293.52138264973956,264.9444253715536,63.819567362467446,1280.9635610281864,548.66115
837.1435324400818,293.52138264973956,264.9149724603424,63.788370768229164,1281.4640975949094,548.761138
837.1175871612144,293.5247395833333,264.9048859234725,63.77450434366862,1281.9665955896648,548.861155
837.1373444670369,293.52809651692706,264.90766491456117,63.774261474609375,1282.4635037867333,548.961149
836.9661811413664,293.52809651692706,264.9090604045643,63.77573903401693,1282.9647196946455,549.061175
837.0157600249054,293.52138264973956,264.8857776195772,63.757459004720054,1283.4643866068698,549.161182
836.9941737423486,293.5247395833333,264.8811675780192,63.74939473470052,1283.962041645224,549.261174
836.8128409363086,293.5381673177083,264.9208044993047,63.77861785888672,1284.4618511335266,549.361247
836.8479265279383,293.5381673177083,264.9279328906091,63.78616587320963,1284.9595238599081,549.461122
836.790368263103,293.5381673177083,264.9279328906091,63.78616587320963,1285.461323547516,549.561189
836.8026078522403,293.54152425130206,264.93093538080916,63.78615951538086,1285.958969583628,549.661188
836.6902441378893,293.5381673177083,264.9485506857717,63.80800120035807,1286.457595016525,549.761123
836.6360978157877,293.54152425130206,264.98844762353957,63.84708150227865,1286.9587163012932,549.861149
836.5095122051852,293.54152425130206,264.9959866156462,63.85507074991862,1287.4598858367492,549.96116
836.4890785364555,293.5448811848958,265.01761191554056,63.87480163574219,1287.960956963933,550.06125
836.4962421008246,293.5448811848958,265.05826113460216,63.917901357014976,1288.4573819573695,550.16121
836.5017350530703,293.5448811848958,265.05826113460216,63.917901357014976,1288.955712531113,550.261144
836.3347555956293,293.54823811848956,265.14410079979984,64.00579198201497,1289.455096235721,550.361175
836.4391740560104,293.54152425130206,265.19159275491916,64.06262588500977,1289.9547874851205,550.461123
836.2661875824448,293.54152425130206,265.24074888238846,64.11486562093098,1290.4566448536125,550.561093
836.3640022019714,293.5583089192708,265.33640729142445,64.2005844116211,1290.9545685746534,550.661161
836.0997447649049,293.5583089192708,265.4234609028105,64.29326756795247,1291.4569460128675,550.761145
836.3123474667372,293.5583089192708,265.5128226347101,64.38851420084636,1291.955039423654,550.861139
836.0001602846355,293.5515950520833,265.6156625318139,64.50470225016277,1292.458654792109,550.961144
836.2178895397026,293.55495198567706,265.71090626206995,64.60325241088867,1292.960884527496,551.061177
835.9895003153473,293.54152425130206,265.7808363370303,64.69097518920898,1293.4618915820001,551.161147
836.052910576548,293.55495198567706,265.8460727424872,64.74789301554362,1293.9624533478377,551.26113
835.9478541288549,293.55495198567706,265.9011592934449,64.80691146850586,1294.4621719799231,551.361111
835.8752427208434,293.55495198567706,265.92907605818976,64.83683649698894,1294.9606555654157,551.461117
835.6872429673994,293.54823811848956,265.97087377250546,64.88814163208008,1295.456074232267,551.561099
835.7392806825369,293.5515950520833,266.0496543024104,64.96945444742839,1295.9535640184674,551.661176
835.8463730390624,293.5515950520833,266.09410241622794,65.01719665527344,1296.4497139038087,551.761156
835.6075050247942,293.5650227864583,266.12431399804433,65.0366694132487,1296.9484484204102,551.861176
835.5743531675769,293.5515950520833,266.15009414781025,65.07737604777019,1297.4461293593683,551.961164
835.561133401539,293.5650227864583,266.1988153773661,65.11676661173503,1297.9464112499957,552.061177
835.5887468510825,293.5515950520833,266.22202555287043,65.15474955240886,1298.4426132414985,552.161094
835.3240194869817,293.54823811848956,266.27397949159797,65.21393458048503,1298.9418454865718,552.261156
835.3055272451753,293.55495198567706,266.2891835083044,65.2237943013509,1299.4439248275155,552.361152
835.3157038163923,293.54152425130206,266.31748613138933,65.26731872558594,1299.9435664670664,552.461117
835.3712536019226,293.54152425130206,266.31748613138933,65.26731872558594,1300.443106355558,552.561142
835.3082143633774,293.55495198567706,266.34587368219434,65.28487141927083,1300.9447837702965,552.661124
835.2998451858515,293.5448811848958,266.3797232885261,65.33114878336589,1301.4462280932798,552.761182
835.2067719387468,293.54823811848956,266.40991657195974,65.3604507446289,1301.9487435801504,552.861177
835.1470324997437,293.5448811848958,266.4447836751583,65.40133794148763,1302.4493094567285,552.961118
835.1700644430084,293.5448811848958,266.49902105365044,65.45989481608073,1302.9567054516765,553.061653
835.1399110455676,293.5448811848958,266.5692376010517,65.53576278686523,1303.4574309748384,553.161138
834.908649252012,293.54823811848956,266.64877204785466,65.61850229899089,1303.95774627757,553.261106
835.0640523784416,293.5515950520833,266.7772781869814,65.75437291463216,1304.463613588326,553.361139
834.8051913871448,293.5515950520833,266.8935825254876,65.88050206502278,1304.9651026334166,553.461183
834.7155711511741,293.54823811848956,267.0000492654178,65.99942016601562,1305.4699750100829,553.561158
834.8693847565463,293.5381673177083,267.08697733410435,66.10384623209636,1305.9705592679309,553.661136
834.8077321180955,293.5381673177083,267.1970455371859,66.22369639078777,1306.4718665745559,553.761199
834.6024619828922,293.5381673177083,267.1970455371859,66.22369639078777,1306.9768508445839,553.86117
834.6457823577792,293.54152425130206,267.28930008230105,66.32096481323242,1307.47753596689,553.961128
834.7119151591119,293.54152425130206,267.3788818373978,66.4187380472819,1307.981517235655,554.061582
834.4640983493404,293.54152425130206,267.4444339784138,66.49035390218098,1308.4770611030895,554.161136
834.447673146241,293.54152425130206,267.5327867678449,66.58697255452473,1308.9782007414242,554.261169
834.5342795448472,293.5314534505208,267.59701438540213,66.66726430257161,1309.4773243193795,554.361091
834.4882152812369,293.54823811848956,267.66539267391727,66.72551981608073,1309.9743230963636,554.461129
834.4076817004851,293.5448811848958,267.6796037926656,66.74442799886067,1310.4766982759047,554.561155
834.1918531915911,293.5381673177083,267.7035110236908,66.7773068745931,1310.9757329820632,554.661198
834.3026285682272,293.5381673177083,267.7560608085927,66.8349494934082,1311.4741231198739,554.76117
834.254843485816,293.5381673177083,267.771964303494,66.85240173339844,1311.9754363029233,554.861129
834.2577720991627,293.5314534505208,267.80060532956236,66.89052200317383,1312.4765168725228,554.961128
834.239103194986,293.5314534505208,267.80060532956236,66.89052200317383,1312.9756609030158,555.061429
834.2208746468158,293.5314534505208,267.8749345187255,66.97217305501302,1313.4749269430304,555.161117
834.1272293480772,293.5314534505208,267.9200669181133,67.0217882792155,1313.9739290842715,555.261118
834.0041583122637,293.5247395833333,267.9688008741366,67.08209482828777,1314.4694466289147,555.361146
833.8832770687478,293.52809651692706,267.9977222316601,67.11057408650716,1314.9721177593321,555.461149
833.8195536539466,293.52138264973956,267.9841105610468,67.102294921875,1315.471068165919,555.561134
833.9082477685265,293.52138264973956,268.001766666313,67.12173080444336,1315.9718027106667,555.661129
833.7509875933814,293.5247395833333,268.0227703054226,67.14150365193684,1316.4686149443141,555.761183
833.7647013322957,293.52809651692706,268.0725378413605,67.19296646118164,1316.969549624014,555.86114
833.6855452503573,293.52138264973956,268.06573267438387,67.19218063354492,1317.4698464543583,555.961098
833.5394547457728,293.52809651692706,268.1067125074773,67.2306276957194,1317.9710128094343,556.061399
833.3469104680693,293.52138264973956,268.12745661305394,67.2602144877116,1318.465525831351,556.161106
833.469601668383,293.52138264973956,268.12745661305394,67.2602144877116,1318.965420679585,556.26114
833.4165386140081,293.5180257161458,268.11693929713647,67.25197728474934,1319.462534560363,556.361113
833.3758175175175,293.5180257161458,268.1459898092954,67.28401311238606,1319.9634225326395,556.461252
833.5311586181863,293.5113118489583,268.1318417606884,67.27512995402019,1320.4659836549708,556.561114
833.4454210433146,293.5045979817708,268.09755404949357,67.24404017130534,1320.9669139041005,556.661136
833.3330624647142,293.5045979817708,268.0986520124685,67.2452507019043,1321.464061630841,556.761147
833.1714597471965,293.5045979817708,268.0885298845225,67.2340914408366,1321.9635056727964,556.86118
833.3258356623327,293.50795491536456,268.0674466177512,67.20749537150066,1322.4643454803695,556.961166
833.1830707839608,293.4911702473958,268.0619679660457,67.21824391682942,1322.9656265337835,557.061136
833.0201415455786,293.4911702473958,268.0641701816888,67.22067133585612,1323.4694493714123,557.161115
832.9745338110141,293.4978841145833,268.0598507743896,67.20919545491536,1323.9678465778034,557.261112
833.0697718141244,293.49452718098956,268.02825934859675,67.17774073282878,1324.4749184436814,557.361131
833.1724404384976,293.49452718098956,268.02825934859675,67.17774073282878,1324.9767355194244,557.461153
832.7651301557532,293.49452718098956,268.02456942811415,67.17367553710938,1325.4779240148164,557.561155
832.9138376606699,293.49452718098956,268.0212371580186,67.1700045267741,1325.978624628033,557.661144
832.941321433552,293.4777425130208,268.0071833741625,67.17129898071289,1326.4798004467652,557.761141
832.8144563632287,293.4844563802083,268.01662200906725,67.174986521403,1326.9823649060895,557.861176
832.5592517890899,293.4844563802083,267.98135379573625,67.13613891601562,1327.480177384461,557.961125
832.757532043747,293.4777425130208,267.9387371730775,67.09592310587566,1327.9795907976,558.061237
832.6274157772829,293.48109944661456,267.9522680869797,67.10746637980144,1328.479855203691,558.161134
832.4789404064536,293.4844563802083,267.9629591225287,67.1158841451009,1328.9772456162204,558.261209
832.4732760444797,293.47438557942706,267.9353087128453,67.09550094604492,1329.4737187018482,558.361166
832.5716832605731,293.47438557942706,267.90052189980105,67.05721664428711,1329.9753517084835,558.461191
832.2944665564605,293.4710286458333,267.9096453123904,67.07060623168945,1330.4751353265283,558.561117
832.404948930584,293.4710286458333,267.9096453123904,67.07060623168945,1330.9751814129502,558.66113
832.3023785621762,293.4710286458333,267.907409460926,67.06814575195312,1331.4726868313758,558.761185
832.3364025278289,293.4710286458333,267.91631436499546,67.07794570922852,1331.974742737118,558.861133
832.3376050376047,293.46095784505206,267.84792347509796,67.01275126139323,1332.4767474690768,558.961115
832.108727260593,293.46095784505206,267.78762905586075,66.94646453857422,1332.9804129989686,559.061247
832.076496394952,293.4643147786458,267.7800440356281,66.93478520711263,1333.4836333560113,559.16116
832.108747953142,293.45424397786456,267.75481410288756,66.91709518432617,1333.9859272522876,559.261134
832.055449237506,293.4508870442708,267.7070482985736,66.86797459920247,1334.4856718700767,559.361163
831.9088396588614,293.4508870442708,267.696159616497,66.856019337972,1334.986963993465,559.461173
831.934000205111,293.44753011067706,267.6683768215224,66.82886123657227,1335.487250204182,559.561132
831.7352376347663,293.44753011067706,267.6604658678549,66.8201789855957,1335.9868597349907,559.661238
831.9502827510426,293.4441731770833,267.6067610036528,66.76459630330403,1336.4873325471165,559.761112
831.7336943484056,293.4441731770833,267.6067610036528,66.76459630330403,1336.9868597866796,559.861219
831.692373594628,293.4374593098958,267.56763675132083,66.72836430867513,1337.487736154594,559.961119
831.6813964823222,293.44753011067706,267.50972903438156,66.65490976969402,1337.9901602486188,560.061246
831.599162208065,293.4374593098958,267.4207037816401,66.56742477416992,1338.493637519533,560.161163
831.7012796491522,293.43410237630206,267.35552686132513,66.4994519551595,1338.996107421161,560.261141
831.4658062360608,293.43410237630206,267.30449237700935,66.44366455078125,1339.4979401483258,560.361089
831.5629740745374,293.43410237630206,267.2598789673765,66.39492543538411,1340.0020086312688,560.461137
831.4534773034617,293.4240315755208,267.2058447196717,66.34587478637695,1340.5051225721645,560.561166
831.5633259204055,293.42067464192706,267.1154740356613,66.25059254964192,1341.0044256974895,560.661152
831.2622333478358,293.4240315755208,267.0453263318719,66.17082977294922,1341.5104502211072,560.761152
831.1749842752122,293.41396077473956,266.9917398366437,66.12238311767578,1342.017421809606,560.861141
831.1482286791471,293.4173177083333,266.87922859385026,65.99666595458984,1342.5187763858214,560.961166
831.2945859466461,293.4173177083333,266.87922859385026,65.99666595458984,1343.02254323868,561.061333
831.105029596971,293.4240315755208,266.7706430855075,65.87210464477539,1343.5238741951991,561.161197
831.2395208884307,293.41396077473956,266.6986307622457,65.80382283528645,1344.0253777853206,561.261132
831.0644481269123,293.4173177083333,266.61927591123504,65.71449534098308,1344.521922255009,561.361126
831.0939855015962,293.40724690755206,266.4827993045379,65.57655207316081,1345.0185247293264,561.461121
830.9026416118701,293.4038798014323,266.3901234897783,65.47961680094402,1345.5188034738633,561.561106
830.9326952586338,293.40724690755206,266.22173005378284,65.29453786214192,1346.0179774782473,561.661128
830.773256554849,293.40724690755206,266.1298443858223,65.19550069173177,1346.5141044309137,561.761142
830.8961224158288,293.40053304036456,266.02599856356005,65.09021504720052,1347.0138211398048,561.861152
830.751424755118,293.4038798014323,265.93090512494285,64.98472722371419,1347.5132822162175,561.961132
830.4800523398823,293.40724690755206,265.8680544432256,64.9139633178711,1348.0130783960858,562.061326
830.7228170952205,293.40724690755206,265.8680544432256,64.9139633178711,1348.5104770776588,562.161176
830.7013325351247,293.3971659342448,265.79539575808417,64.84571838378906,1349.0093208322376,562.261109
830.4778867422169,293.39380900065106,265.7361521771858,64.78542073567708,1349.5092195433194,562.361177
830.5740428118319,293.39380900065106,265.6810094834097,64.72632344563802,1350.0065760817142,562.461115
830.3066889726531,293.3904520670573,265.6608287302377,64.70793914794922,1350.507627005089,562.561164
830.3874921866405,293.39380900065106,265.655363769037,64.6988525390625,1351.010911600518,562.661122
830.2721726249999,293.3837381998698,265.66285225323287,64.71657435099284,1351.5134622692872,562.761212
830.1865585534479,293.3904520670573,265.6992884293562,64.74914423624675,1352.0169014104017,562.861143
830.3078252410143,293.38709513346356,265.7311600338447,64.78654352823894,1352.5207896876977,562.961161
830.1979100552503,293.38038126627606,265.7513622550621,64.81468327840169,1353.0208124034243,563.061227
830.166225234753,293.38038126627606,265.8202476563207,64.88859558105469,1353.5224130620045,563.16118
830.0134198591735,293.38038126627606,265.8639734644229,64.93554560343425,1354.0193663907205,563.261145
830.0242463800586,293.38038126627606,265.8639734644229,64.93554560343425,1354.5195376135719,563.361145
830.0863636099357,293.37366739908856,265.9138710305711,64.99564997355144,1355.0182518915356,563.461169
830.0094618859881,293.38038126627606,265.99313418518,65.07438151041667,1355.520128629393,563.561203
829.9731023550272,293.37366739908856,266.0601862595305,65.15305709838867,1356.0208772388007,563.661198
829.9432207717243,293.38038126627606,266.1465122732529,65.23954264322917,1356.519728766361,563.761114
829.8001500778181,293.37366739908856,266.2148328075486,65.31974283854167,1357.0168717072438,563.861168
829.8517763271448,293.37366739908856,266.359331517859,65.47578430175781,1357.5150504321311,563.961114
829.8252388064502,293.37366739908856,266.45863587951396,65.58318583170573,1358.0155330828252,564.061136
829.8895303448118,293.3703104654948,266.55643776952985,65.69237645467122,1358.5141339107238,564.161118
829.6675057428984,293.37366739908856,266.6753531708177,65.81804021199544,1359.0128692208907,564.261103
829.6764696545183,293.3703104654948,266.75236784428307,65.90494791666667,1359.5144126765827,564.361094
829.452898304751,293.36023966471356,266.8436650405973,66.0140749613444,1360.0134002716368,564.461158
829.5425027868015,293.36023966471356,266.8436650405973,66.0140749613444,1360.5189465725223,564.5612
829.3927874812854,293.36023966471356,266.9273422960864,66.10513687133789,1361.0200108708025,564.661114
829.3558069771243,293.353515625,267.01176381389445,66.20373280843098,1361.5227218506793,564.761141
829.2442477986883,293.353515625,267.11585566155827,66.31727600097656,1362.0237907119013,564.861124
829.3843640200929,293.353515625,267.181929282212,66.38942591349284,1362.525187630629,564.961133
829.2918735785225,293.3468017578125,267.24491665032775,66.46490478515625,1363.028931841138,565.061233
829.1947122096433,293.34344482421875,267.3179152480962,66.54808298746745,1363.528764275322,565.161122
829.2437003636063,293.35015869140625,267.4091128651402,66.64128875732422,1364.0297070936153,565.261149
829.0316694276205,293.35015869140625,267.4661165472723,66.70376332600911,1364.5328266880729,565.361128
829.1517351571333,293.340087890625,267.50050236919503,66.75147883097331,1365.0321138388902,565.461162
828.9948039803098,293.33001708984375,267.54337442486315,66.80853907267253,1365.5316513772073,565.56111
828.8230166035164,293.33001708984375,267.60965336994536,66.88132731119792,1366.0329642163258,565.661163
828.9788640882322,293.33001708984375,267.60965336994536,66.88132731119792,1366.5361568071507,565.761186
828.8879904716924,293.32666015625,267.64059043517875,66.91866811116536,1367.0352615454667,565.861147
828.8771417402672,293.32330322265625,267.68222291253255,66.96778742472331,1367.5351149518335,565.961173
828.6573651049423,293.32330322265625,267.73457153410476,67.02537790934245,1368.0326868005698,566.061215
828.6600617176482,293.32330322265625,267.7900000648586,67.08639780680339,1368.5315645668384,566.161136
828.6018855719108,293.313232421875,267.8359430602937,67.14707565307617,1369.0307593572559,566.261126
828.592874943719,293.3199462890625,267.8960942146081,67.20667139689128,1369.5286286129644,566.361133
828.4759027163262,293.30987548828125,267.932800320812,67.25724411010742,1370.0278992613141,566.461148
828.6029613837255,293.30987548828125,267.98403055811445,67.3137919108073,1370.5303035678758,566.561156
828.4401708166578,293.30987548828125,268.038199574022,67.37362289428711,1371.0278172328876,566.661116
828.2893710894909,293.2998046875,268.0813170879038,67.43138758341472,1371.5309522183304,566.761183
828.371394484502,293.30316162109375,268.1196868686895,67.47044881184895,1372.03018120101,566.861176
828.4788214619671,293.30316162109375,268.13728124710536,67.48991266886394,1372.5330963244635,566.961117
828.4467749849033,293.2930908203125,268.1402617720909,67.5033327738444,1373.0327575007805,567.061282
828.1286380259354,293.2998046875,268.20180948713426,67.56471125284831,1373.5315277925993,567.161111
828.1940498853182,293.2930908203125,268.20480556046806,67.57478459676106,1374.0319623375103,567.261136
828.1643515020107,293.2930908203125,268.24656155578566,67.62104034423828,1374.5280209319365,567.361103
828.0819396219907,293.2930908203125,268.23056514158924,67.60331726074219,1375.0287362382805,567.46115
828.1207014569311,293.2796630859375,268.25121158114996,67.63971710205078,1375.5283358630602,567.561117
827.9360942186328,293.2796630859375,268.2699168340769,67.6604512532552,1376.0271280857783,567.661118
828.0168017435043,293.27294921875,268.311393116157,67.71321360270183,1376.5248487064246,567.761167
828.0567101125631,293.2796630859375,268.3069106941392,67.70147196451823,1377.0247718017886,567.86118
827.9273144160172,293.2662353515625,268.34936769112494,67.76212310791016,1377.5259062936714,567.961158
827.6940580605465,293.26287841796875,268.3806711525389,67.80026372273763,1378.0252229616606,568.061215
827.8330419326054,293.259521484375,268.378156693082,67.80086135864258,1378.5246525135103,568.161178
827.7520971505578,293.259521484375,268.378156693082,67.80086135864258,1379.0242274370403,568.261161
827.7881999798961,293.2662353515625,268.4229356110996,67.84381484985352,1379.5259556413855,568.361172
827.4119051534539,293.26287841796875,268.44536700597155,67.87213134765625,1380.0269048090736,568.46114
827.4749499023545,293.25616455078125,268.4658500305891,67.90168635050456,1380.5291551385023,568.561126
827.4767885111029,293.25616455078125,268.4913768767299,67.93006896972656,1381.0322679587723,568.661161
827.4991820837208,293.24273681640625,268.54141338604194,67.9993273417155,1381.5343516449032,568.761115
827.3450660763838,293.24945068359375,268.6104242842491,68.06936009724934,1382.0377431636425,568.861142
827.2014527574576,293.24273681640625,268.65889081487865,68.13017145792644,1382.536568103216,568.961162
827.2698588272209,293.2393798828125,268.71774002009784,68.19919840494792,1383.0403444606893,569.061306
827.2459975144354,293.232666015625,268.7995996057192,68.2973861694336,1383.5381876788306,569.161106
827.0210166214166,293.2259521484375,268.81977951015546,68.32675679524739,1384.037549411841,569.261115
827.2032525511162,293.22930908203125,268.8741009116256,68.38404083251953,1384.536875327855,569.361096
827.1783408814349,293.22930908203125,268.8741009116256,68.38404083251953,1385.0372113930232,569.461127
827.0446515559087,293.2259521484375,268.9320068489344,68.45221455891927,1385.5383765555337,569.561121
827.1067257709967,293.21923828125,269.0242611419085,68.56233215332031,1386.0391164955502,569.661194
826.9486364055009,293.21588134765625,269.12780078970087,68.68181228637695,1386.5420205098062,569.76113
827.1174311714708,293.20916748046875,269.20622094967644,68.77668635050456,1387.0460723445042,569.861188
826.9394357911672,293.20916748046875,269.29393713385866,68.87522506713867,1387.5481975635817,569.961189
827.0443944023797,293.205810546875,269.3433720930748,68.93425369262695,1388.0522815525715,570.061236
826.8594848059333,293.20916748046875,269.43567992216697,69.03468322753906,1388.5521071595522,570.16113
826.7682850128854,293.1923828125,269.46585716906964,69.08594004313152,1389.0528137215579,570.261134
826.6847702713759,293.20245361328125,269.52910812193073,69.14685694376628,1389.5532901371198,570.36113
826.6851867259433,293.20245361328125,269.61604251488023,69.24491882324219,1390.0563955693638,570.461124
826.5503214621298,293.1856689453125,269.6704736591439,69.32370249430339,1390.5592240065057,570.561126
826.5981575304713,293.1856689453125,269.6704736591439,69.32370249430339,1391.0617164392422,570.661164
826.3643674726278,293.18231201171875,269.7374212471492,69.40283203125,1391.5603933255873,570.76112
826.5189863794072,293.16888427734375,269.8032852233065,69.49123128255208,1392.0625700986718,570.861316
826.4559369001619,293.1722412109375,269.87766054277904,69.57196807861328,1392.558745325552,570.961126
826.302847628921,293.16888427734375,269.9071574298462,69.60886891682942,1393.060853219719,571.061307
826.3765124820779,293.16888427734375,269.9834455509959,69.6953633626302,1393.559048809884,571.161169
826.2462196628732,293.16552734375,270.034022795682,69.75624084472656,1394.054619506462,571.261174
826.3988551679388,293.16217041015625,270.07541426682917,69.80672709147136,1394.5546109927925,571.361119
826.1470424480754,293.16217041015625,270.1378484285088,69.8776626586914,1395.053922699295,571.461145
826.14371379413,293.14202880859375,270.1532563940458,69.91615549723308,1395.5497221102007,571.561113
826.1167862001209,293.14202880859375,270.1979560523852,69.96700032552083,1396.0507201489688,571.661132
825.9191129919111,293.14874267578125,270.24897577417494,70.01806386311848,1396.550049375,571.761195
825.8705650242887,293.14874267578125,270.24897577417494,70.01806386311848,1397.0469988960326,571.861149
825.9789789761624,293.14874267578125,270.2899116981538,70.06467692057292,1397.5488492939253,571.961152
825.9406583861779,293.13531494140625,270.3471819433045,70.14396158854167,1398.0489993002432,572.061271
825.8400633544775,293.12860107421875,270.41203377783955,70.22494761149089,1398.5472356157277,572.161153
825.8785978514726,293.1319580078125,270.44634320334404,70.26058959960938,1399.0414483157967,572.261125
825.7135736790381,293.12860107421875,270.5141173324302,70.3415018717448,1399.5419963713884,572.36112
825.6252562421519,293.12860107421875,270.59164920182525,70.43012237548828,1400.0410217185004,572.461154
825.6165356031764,293.125244140625,270.6641302193129,70.51657358805339,1400.5398182483452,572.561074
825.4903657499999,293.11517333984375,270.7160141557244,70.58657328287761,1401.0403447947212,572.661217
825.5427965836375,293.11517333984375,270.77840554220035,70.65807342529297,1401.5379831947837,572.761118
825.6294346096095,293.10845947265625,270.80576345575855,70.69651540120442,1402.0374940297181,572.861202
825.4945547678288,293.098388671875,270.887579643748,70.801025390625,1402.5398151286688,572.961107
825.4542367100934,293.098388671875,270.887579643748,70.801025390625,1403.0398450447296,573.061226
825.3592583726225,293.09503173828125,270.93725054527096,70.8616231282552,1403.538631524882,573.161091
825.3513692602041,293.10174560546875,271.01995106444684,70.94959767659505,1404.0401156238865,573.261069
825.2259850681356,293.098388671875,271.0851875924335,71.02820841471355,1404.5386130098202,573.361173
825.1952529380569,293.08831787109375,271.1287713364175,71.08905792236328,1405.0405298938751,573.46114
825.1669312353789,293.0849609375,271.1795104501332,71.15107981363933,1405.5421389144876,573.561171
825.0518437206516,293.08160400390625,271.2068066686147,71.1861089070638,1406.0422705300573,573.661125
825.1442415319958,293.08160400390625,271.28726368347236,71.27892812093098,1406.5428201487703,573.761132
824.856570448519,293.0782470703125,271.3091249366104,71.30773162841797,1407.0432452812113,573.861117
824.9625768754809,293.07489013671875,271.3564634387317,71.36597442626953,1407.546005612858,573.961111
824.7040425589461,293.06817626953125,271.41566218971803,71.44154103597005,1408.0487652803047,574.061242
824.8392206134833,293.05809529622394,271.4432359692293,71.48416900634766,1408.5498339477815,574.161094
824.7904191852894,293.05809529622394,271.4432359692293,71.48416900634766,1409.0539484385322,574.261119
824.7364068255108,293.0614522298177,271.51432543000897,71.56286366780598,1409.5567416439933,574.361125
824.7487905314676,293.05809529622394,271.5515001967555,71.6094970703125,1410.0610739204606,574.461178
824.7059678564688,293.0413106282552,271.58087904336844,71.66146087646484,1410.5647457688087,574.561152
824.6468219398668,293.05138142903644,271.6187970905223,71.69465891520183,1411.0660209180585,574.661179
824.5748651468347,293.0480244954427,271.65699358627745,71.74254608154297,1411.5695067304011,574.76119
824.4962714529231,293.0480244954427,271.7012801645886,71.79393513997395,1412.0708483900394,574.861199
824.4216236721917,293.0413106282552,271.72919919926863,71.83353424072266,1412.5716261387756,574.961095
824.614004343652,293.03123982747394,271.7521414453336,71.87096659342448,1413.075206304891,575.061217
824.4153068511863,293.03795369466144,271.7767921962886,71.89241282145183,1413.5775424041167,575.161207
824.2004644084194,293.0278828938802,271.8007119683263,71.9310073852539,1414.0759996259392,575.261126
824.3171046176155,293.0278828938802,271.8007119683263,71.9310073852539,1414.577826861081,575.361183
824.1575907814639,293.02452596028644,271.81432350941407,71.95043182373047,1415.0806948999668,575.461166
824.069090341634,293.0144551595052,271.840158729987,71.9912821451823,1415.5811010318241,575.561118
824.2269010437491,293.01109822591144,271.88176813161454,72.04330190022786,1416.083407259884,575.661179
824.0615382961489,293.01109822591144,271.89898845783955,72.06334686279297,1416.5847504566686,575.761166
823.9393600152075,293.00438435872394,271.90927327368075,72.08253479003906,1417.0846934551637,575.861125
823.9786852733242,292.9943135579427,271.9430620602263,72.13271586100261,1417.5853418412958,575.961163
823.9681867460952,292.9943135579427,271.97641945490585,72.17158762613933,1418.0882322259527,576.061233
824.0529703624019,292.9875996907552,271.9885059027799,72.19290161132812,1418.5854302138569,576.161126
823.9735543000381,292.9943135579427,272.0461999556215,72.25295511881511,1419.0879296742069,576.261167
823.6772872622818,292.9875996907552,272.0643278914379,72.28133900960286,1419.5904078430303,576.361149
823.8131411288555,292.98424275716144,272.0847873110663,72.30883534749348,1420.0895538189516,576.46117
823.6914896473638,292.98424275716144,272.0847873110663,72.30883534749348,1420.5929661030304,576.561175
823.7384909516882,292.9741719563802,272.1184069329099,72.35895029703777,1421.0926013225783,576.661123
823.5961812369318,292.96410115559894,272.1262126792733,72.37893422444661,1421.5907914897152,576.761127
823.5826998467634,292.9674580891927,272.1817179507095,72.44017283121745,1422.0909601254841,576.861157
823.5712472155399,292.97081502278644,272.1785123117943,72.43280029296875,1422.5926030137973,576.961182
823.4307714733388,292.96410115559894,272.2050730351713,72.47110493977864,1423.0898751978282,577.061252
823.3753471754598,292.95738728841144,272.18141253083184,72.45069376627605,1423.5904186617154,577.161172
823.3292138026982,292.95738728841144,272.19886696557364,72.47110239664714,1424.0883926186254,577.261176
823.3915636344204,292.9540303548177,272.1553024856373,72.42379760742188,1424.5886969726905,577.361187
823.3484907611822,292.94395955403644,272.130413888235,72.40558369954427,1425.087843221733,577.46117
823.1750868932405,292.9473164876302,272.0406477931178,72.297119140625,1425.5896887785811,577.561181
823.195323198042,292.94395955403644,272.0386195173583,72.29837036132812,1426.0919093309,577.661167
823.1065674008129,292.9473164876302,272.05027912347543,72.30836232503255,1426.5931233356466,577.761163
823.377512101349,292.9473164876302,272.0183460584492,72.27109018961589,1427.0947458634062,577.861215
823.1525607711743,292.94395955403644,271.9797626057136,72.22969055175781,1427.6009135298298,577.961119
823.1887593942589,292.93724568684894,271.93360070964764,72.18308512369792,1428.1032010429403,578.061183
822.950551423849,292.9271647135417,271.88955905877464,72.14259338378906,1428.6057311122047,578.161091
822.7489682506658,292.93053181966144,271.84934117845876,72.0921122233073,1429.1039430354708,578.261118
822.900838433739,292.93053181966144,271.8418850639476,72.08342742919922,1429.607847516479,578.361144
822.7672120263808,292.9271647135417,271.8207013900095,72.06237538655598,1430.1121456990643,578.461164
822.7893077468952,292.91709391276044,271.81564028021774,72.06730397542317,1430.6159889049234,578.561142
822.7110436881837,292.9204610188802,271.8089200703252,72.0558598836263,1431.1196977659256,578.661165
822.7143653115804,292.9137369791667,271.7824763638525,72.03229522705078,1431.6213777076875,578.761121
822.3787299827953,292.91709391276044,271.7795639840307,72.02529907226562,1432.1206536730363,578.861116
822.6153245932319,292.91709391276044,271.7795639840307,72.02529907226562,1432.6215147406838,578.961165
822.520398921647,292.9070231119792,271.7696121226815,72.02453104654948,1433.1226817345978,579.061181
822.5914410169097,292.91038004557294,271.7631817111398,72.01344045003255,1433.6266186768144,579.161202
822.3998064219014,292.9137369791667,271.7838569486279,72.03390248616536,1434.1239821410222,579.261129
822.3410017379337,292.91038004557294,271.77269856322636,72.02451833089192,1434.6227160644778,579.361125
822.4263960158368,292.90366617838544,271.77633388905736,72.0359624226888,1435.1227930871803,579.461197
822.2590514363121,292.90366617838544,271.784869782944,72.04590098063152,1435.6230973527831,579.561105
822.2196401046306,292.89695231119794,271.762956713965,72.02760060628255,1436.1194953950524,579.66112
822.2525782538148,292.8868815104167,271.7531118530576,72.02695719401042,1436.6206211552617,579.761145
822.2939676742526,292.89695231119794,271.76346350822564,72.02819061279297,1437.1188825702386,579.861202
822.1171942517939,292.8868815104167,271.75443340480734,72.02849578857422,1437.6171828424292,579.961114
822.0020608279642,292.88352457682294,271.7446712982323,72.02073669433594,1438.1133200145575,580.061314
822.2312506165155,292.8935953776042,271.76246967457763,72.0306396484375,1438.6121610247283,580.161194
822.0669428980599,292.8935953776042,271.76246967457763,72.0306396484375,1439.103780534503,580.261113
821.8620531454113,292.8801676432292,271.75837970514095,72.04030354817708,1439.60152412665,580.361123
821.874407528038,292.88352457682294,271.7935374063012,72.07764180501302,1440.0983815988227,580.461125
821.9376802224871,292.87681070963544,271.7918103508522,72.08284759521484,1440.5974331336672,580.561094
821.7433111981118,292.87681070963544,271.800271356039,72.09270477294922,1441.0980876870588,580.661169
821.8126193750126,292.8801676432292,271.82943268120596,72.12307484944661,1441.5958878087536,580.761141
821.5971506825791,292.87009684244794,271.86969658339643,72.18085225423177,1442.0938168203897,580.861126
821.7321249084431,292.8734537760417,271.8995272759229,72.21203104654948,1442.5957314177135,580.961136
821.5876427146442,292.8667399088542,271.90762157743666,72.22870635986328,1443.1008457263476,581.061267
821.4654875251626,292.86338297526044,271.9397517538858,72.26982116699219,1443.606095114062,581.161199
821.4648739592088,292.85666910807294,271.9595688015263,72.30019632975261,1444.109769413899,581.261159
821.5366564024839,292.85666910807294,271.9679075206342,72.30993398030598,1444.61511253514,581.361105
821.4468498912424,292.86338297526044,272.00352606408404,72.34429423014323,1445.120893811693,581.461149
821.2588892754007,292.8566589355469,272.0611513339769,72.41889953613281,1445.6272209924725,581.561103
821.2882182573128,292.8566589355469,272.1271739239465,72.49612172444661,1446.1268899170593,581.661132
821.300260897097,292.8499450683594,272.1861769621007,72.57245381673177,1446.6279158997959,581.761173
821.2122202941842,292.8499450683594,272.25370627397456,72.65156809488933,1447.1271769801945,581.861161
821.1591938845966,292.84995524088544,272.3048925427323,72.71156819661458,1447.6288628325353,581.961135
821.2149863270106,292.8432312011719,272.3394130218553,72.75935872395833,1448.1317063134857,582.061167
821.1072787535253,292.8398742675781,272.3599760379912,72.78713480631511,1448.6310788917065,582.161131
821.1941239552821,292.8398742675781,272.37613575456254,72.8061040242513,1449.1292365154018,582.261159
821.0705421176759,292.8432312011719,272.40423196057833,72.83544667561848,1449.626076152697,582.361134
820.9571598202243,292.8499450683594,272.4280571366237,72.85613250732422,1450.1216863485222,582.461139
820.8135529200846,292.8365173339844,272.4156766099484,72.85618336995442,1450.6181406629632,582.561172
820.8620102357224,292.8365173339844,272.4156766099484,72.85618336995442,1451.1170148502913,582.661122
820.7208208273689,292.8398742675781,272.45004968198725,72.89291636149089,1451.6181972506067,582.761162
820.7708941369444,292.8365173339844,272.4748317293745,72.92569224039714,1452.1195933970866,582.861164
820.6923010417605,292.8298034667969,272.4534055227781,72.90781148274739,1452.6220110388183,582.961088
820.8027092668244,292.8264465332031,272.44868477440514,72.90591430664062,1453.123409558458,583.061282
820.7134330551561,292.8331604003906,272.49013443263965,72.94733428955078,1453.6253404476233,583.161114
820.6412758185559,292.8230895996094,272.4818627553257,72.94856770833333,1454.1239988213576,583.261153
820.5662980688171,292.8264465332031,272.4873856374869,72.95140838623047,1454.628711691978,583.361124
820.5617995702601,292.8365173339844,272.50276034210447,72.95852661132812,1455.1296587984039,583.461181
820.4220694242811,292.8197326660156,272.4697858500452,72.93802134195964,1455.629938198862,583.561159
820.4206622311767,292.8197326660156,272.49716427272824,72.97021484375,1456.1305350520481,583.661152
820.2898023148275,292.8163757324219,272.49567025048316,72.97211201985677,1456.6302189444607,583.761113
820.2363091924725,292.8163757324219,272.49567025048316,72.97211201985677,1457.1344590293422,583.861195
820.3541464285714,292.8197326660156,272.4887607496665,72.96033223470052,1457.6373586618458,583.961136
820.2652438363402,292.8096618652344,272.4625527354751,72.94047546386719,1458.1387410897607,584.061177
820.1933388544104,292.8063049316406,272.468986185048,72.95169321695964,1458.6382989055783,584.161113
820.0812808058309,292.8029479980469,272.4664523410585,72.95236714680989,1459.139566561562,584.261229
820.020264651249,292.8063049316406,272.4722604680524,72.9555435180664,1459.6374893270083,584.36119
820.0974013153369,292.8029479980469,272.48545353479653,72.97471364339192,1460.138067775155,584.461145
819.8851013061296,292.7995910644531,272.48472034230315,72.97750600179036,1460.6334393612071,584.56116
819.992214253597,292.8029479980469,272.45124733856557,72.93448893229167,1461.1313970815772,584.661117
819.7968327986014,292.7995910644531,272.45812242036874,72.94622548421223,1461.628158131015,584.761136
819.8245872572203,292.7895202636719,272.45141854551423,72.94930267333984,1462.1238082904056,584.861153
819.7713447230683,292.7962341308594,272.4581579470971,72.94992065429688,1462.6215299158375,584.961133
819.8046299716052,292.7962341308594,272.4581579470971,72.94992065429688,1463.1170148529377,585.061157
819.7868604676748,292.7895202636719,272.4678096912429,72.9685796101888,1463.613651164767,585.161157
819.6972887914038,292.7828063964844,272.5106593578161,73.02630615234375,1464.1132434212657,585.26121
819.3946057021303,292.7828063964844,272.5566812173829,73.08048502604167,1464.6106670242136,585.361185
819.6618720123296,292.7794494628906,272.5931749212773,73.12713114420573,1465.1119605641268,585.461126
819.5836510960276,292.7693786621094,272.6360479136034,73.18865203857422,1465.6116715045027,585.561126
819.5556563388636,292.7794494628906,272.6864580317233,73.23709615071614,1466.1131700071178,585.661129
819.3813490317672,292.7693786621094,272.7485306310031,73.32135518391927,1466.615715458691,585.761197
819.395932044808,292.7693786621094,272.8483057477139,73.43921915690105,1467.1176430507326,585.861149
819.28228830746,292.7693786621094,272.9412072499215,73.54909261067708,1467.6209961953389,585.96117
819.320143042002,292.7693786621094,273.0196368527231,73.64194742838542,1468.1255416498807,586.061186
819.1670684130581,292.7727355957031,273.11570178821694,73.75210825602214,1468.6271766600498,586.161144
819.0095270811976,292.7727355957031,273.11570178821694,73.75210825602214,1469.1277086069072,586.261108
819.2324710005735,292.7626647949219,273.1714814512169,73.8293685913086,1469.6299186833755,586.361433
819.081725075759,292.7626647949219,273.2318485055797,73.90103912353516,1470.1331775340389,586.461121
818.990325821839,292.7593078613281,273.276428820899,73.95770517985027,1470.6333310705836,586.561118
818.9352040556323,292.7660217285156,273.34210690516136,74.0283711751302,1471.1380764488786,586.661121
818.9758933260804,292.7492370605469,273.3759837344969,74.08721923828125,1471.6391984031322,586.761176
818.9110645498589,292.7525939941406,273.41789202991464,74.13338979085286,1472.1431441330515,586.861169
818.8891745116338,292.7492370605469,273.45828574367,74.18520863850911,1472.6413031391082,586.961098
818.8349161383439,292.7525939941406,273.49398670022634,74.22402699788411,1473.1419519348724,587.061226
818.7868626006695,292.7425231933594,273.4931411723561,74.23417409261067,1473.643257962703,587.161097
818.6865305139322,292.7559509277344,273.5480175532177,74.28471374511719,1474.1413570960913,587.26119
818.5761099542132,292.7559509277344,273.5482414974318,74.28498077392578,1474.643040949192,587.36152
818.7285966524623,292.7492370605469,273.5582225771955,74.30432637532552,1475.1370948407096,587.461139
818.5740736619406,292.7425231933594,273.54594649197315,74.29712931315105,1475.636404583845,587.561096
818.527739658469,292.7324523925781,273.53657161703734,74.29711405436198,1476.1300724741322,587.661131
818.5373676032914,292.7391662597656,273.5428364617986,74.2971420288086,1476.6284861752822,587.761149
818.4923838982415,292.7391662597656,273.550331524655,74.3060811360677,1477.1299114088758,587.861245
818.3995605157787,292.7391662597656,273.5428364617986,74.2971420288086,1477.6266871900339,587.961248
818.2981099681507,292.7290954589844,273.54439117046707,74.31016286214192,1478.1290865985072,588.061266
818.1466752838752,292.7324523925781,273.5350512342131,74.29530080159505,1478.6278034608863,588.161137
818.2996329369048,292.7290954589844,273.5262817186065,74.28856404622395,1479.125409556735,588.261118
818.2916687393734,292.7190246582031,273.5110448053614,74.28155771891277,1479.6275791354933,588.361438
818.2066011431532,292.7257385253906,273.500909832566,74.26203155517578,1480.1250998034982,588.461152
818.1422876383805,292.7223815917969,273.51327604250906,74.28049723307292,1480.6281387372592,588.561156
818.1131541960857,292.7223815917969,273.51327604250906,74.28049723307292,1481.1286882577074,588.661141
817.961956207822,292.7123107910156,273.4791175328801,74.25093078613281,1481.62897922545,588.761149
817.8702209162325,292.7123107910156,273.46332175433633,74.23210144042969,1482.132803785134,588.86115
817.9098157274375,292.7089538574219,273.4623203369842,74.23462677001953,1482.6273208016603,588.961116
817.9589746812221,292.7123107910156,273.46593325973254,74.23521423339844,1483.1277480024478,589.061301
817.7665625039031,292.7055969238281,273.4591490598459,74.23456573486328,1483.6285844647473,589.16113
817.7702785259847,292.6988830566406,273.4443490234525,74.22436269124348,1484.1254025306187,589.261181
817.7915315124081,292.6988830566406,273.44642080298655,74.22683207194011,1484.622660904133,589.361158
817.7876466191567,292.6955261230469,273.45184543939604,74.23701731363933,1485.1208767730075,589.461129
817.6752744822234,292.7022399902344,273.4575586811786,74.23638916015625,1485.6193090028953,589.561147
817.6325408740479,292.6955261230469,273.46061743198055,74.24747467041016,1486.1174405733134,589.66113
817.5752094814833,292.6921691894531,273.4502570712062,74.2388432820638,1486.616453954595,589.761155
817.4990004395731,292.6921691894531,273.4502570712062,74.2388432820638,1487.1163597306006,589.861143
817.4677269426335,292.6955261230469,273.47899461779235,74.2693862915039,1487.6160917474997,589.961138
817.5230210634677,292.6854553222656,273.4582273958623,74.2557856241862,1488.1163441756487,590.061155
817.2954059998926,292.6820983886719,273.45795016307034,74.25917561848958,1488.6175136098025,590.161216
817.2448300678059,292.6820983886719,273.4654956432306,74.26817321777344,1489.1140832638414,590.261149
817.2194025021537,292.6820983886719,273.46706308812156,74.2700424194336,1489.6161615648678,590.361144
817.1674584441489,292.6720275878906,273.4587232066576,74.27126057942708,1490.1160876919546,590.461153
817.1458820845031,292.6820983886719,273.4615971606778,74.26352437337239,1490.6159760869293,590.561174
817.0461928692664,292.6753845214844,273.46443245426707,74.27434794108073,1491.1160504471857,590.661179
817.1752939939751,292.6653137207031,273.45455069034784,74.27372741699219,1491.6199641123542,590.761126
817.0715937876348,292.6585998535156,273.4477659766824,74.27307891845703,1492.1219592063387,590.861211
816.9556437886771,292.6653137207031,273.45554222645615,74.27490997314453,1492.6242323749213,590.961147
816.9429841953394,292.6653137207031,273.45554222645615,74.27490997314453,1493.1261297820922,591.061222
816.9353230115512,292.6653137207031,273.44908956388616,74.26721445719402,1493.6278868775978,591.161177
816.8592563120053,292.6653137207031,273.45604758541214,74.2755126953125,1494.126445618482,591.261174
816.8724870802104,292.6619567871094,273.4539527021359,74.27673594156902,1494.6302899348073,591.361151
816.6749764442648,292.6552429199219,273.44176046019436,74.26963806152344,1495.1315464255217,591.461159
816.6910486878118,292.6518859863281,273.4456401660696,74.27798716227214,1495.6306444834424,591.56112
816.5905569438822,292.6451721191406,273.4323991055941,74.26963806152344,1496.1345328416248,591.661169
816.6298300171355,292.6518859863281,273.43013368636883,74.25949350992839,1496.6344581261742,591.761207
816.513905361053,292.6418151855469,273.4298543587147,74.27032470703125,1497.136638772983,591.861163
816.4027471778691,292.6384582519531,273.4202687605869,74.26261393229167,1497.636807618925,591.96112
816.4451734001144,292.6351013183594,273.422570783971,74.26908111572266,1498.1414569544388,592.061178
816.3569915331527,292.6351013183594,273.4230889112928,74.26969909667969,1498.6425370867692,592.161132
816.3605940413588,292.6351013183594,273.4230889112928,74.26969909667969,1499.14338567712,592.261187
816.3033845171974,292.6351013183594,273.4262295883697,74.27344512939453,1499.6430089987268,592.361184
816.3220922164646,292.6351013183594,273.4241912535985,74.27101389567058,1500.141175666941,592.461235
816.258142328448,292.6317443847656,273.4301063355732,74.28179168701172,1500.638256405498,592.561138
816.1579286024847,292.6317443847656,273.4311424398645,74.28302764892578,1501.1379223692325,592.661133
816.1556038522092,292.6250305175781,273.41793837270563,74.27472178141277,1501.6361587563933,592.761209
816.130439599044,292.6216735839844,273.4088523279935,74.26760609944661,1502.134940335081,592.861168
816.1927715548147,292.6250305175781,273.4269243355021,74.28544108072917,1502.6367419944595,592.961145
816.055574302169,292.6183166503906,273.42020131538504,74.28486633300781,1503.1359136811645,593.061181
815.9816205164486,292.6048889160156,273.41568865091483,74.29437510172527,1503.6374303568095,593.161099
816.0217119864043,292.6015319824219,273.420319499138,74.30362447102864,1504.1404603553638,593.261234
815.8187634504808,292.6015319824219,273.42245707301475,74.3061752319336,1504.640041008954,593.361122
815.7752196628045,292.6015319824219,273.42245707301475,74.3061752319336,1505.1418848367061,593.46112
815.7504083215472,292.6015319824219,273.4324750097302,74.31813049316406,1505.6407818201305,593.561211
815.7115045258556,292.6015319824219,273.4309023960615,74.31625366210938,1506.1438294354373,593.661154
815.6662097187013,292.5948181152344,273.45282379749284,74.34987131754558,1506.643565079735,593.761137
815.5617346315627,292.5948181152344,273.4626091257323,74.36155446370442,1507.143278025576,593.861148
815.5003513212338,292.5948181152344,273.4631075200191,74.36214955647786,1507.645538356308,593.96113
815.5684552359505,292.5948181152344,273.46985045463947,74.37020111083984,1508.144334263312,594.061187
815.5903720016669,292.5813903808594,273.46691093850603,74.38160196940105,1508.6440242270262,594.161242
815.3709766293431,292.5914611816406,273.5033279194685,74.41391499837239,1509.1425535328358,594.261144
815.3537946901747,292.5780334472656,273.4973109430186,74.42164611816406,1509.6443447939691,594.361108
815.4166289037508,292.5713195800781,273.50237862572783,74.43516286214192,1510.1430580715983,594.46117
815.2977277807124,292.5713195800781,273.50237862572783,74.43516286214192,1510.642894289307,594.561185
815.2776243233361,292.5713195800781,273.502912781614,74.43580118815105,1511.1444088695855,594.661122
815.2732635068937,292.5679626464844,273.516379437591,74.45562744140625,1511.647259100028,594.76116
815.1449291887567,292.5612487792969,273.525005253746,74.47340393066406,1512.145892948878,594.861169
815.0316941693541,292.5612487792969,273.526806982211,74.47555796305339,1512.6453160278627,594.961149
815.1382918583727,292.5578918457031,273.53119924752104,74.48454284667969,1513.1468355487234,595.061151
814.9341103881584,292.5612487792969,273.5428463659869,74.49473571777344,1513.6443937196625,595.161179
815.0646646720877,292.5545349121094,273.5445904450936,74.50429026285808,1514.1433785081108,595.261145
814.9868701765332,292.5545349121094,273.5526069247851,74.51387786865234,1514.6402615291975,595.361161
814.9460349144096,292.5478210449219,273.5478939947869,74.51571146647136,1515.1389317473738,595.461189
814.9174251545562,292.5511779785156,273.5664752540422,74.5342025756836,1515.629101800039,595.561108
814.7687115789562,292.5444641113281,273.5705552347171,74.5465571085612,1516.0706018137373,595.661137
814.6864841436413,292.5444641113281,273.5705552347171,74.5465571085612,1516.4318411049676,595.761174
814.6336992819055,292.5411071777344,273.5772510358115,74.55830637613933,1516.7137101162562,595.861155
814.7125631825525,292.53102620442706,273.5922749400384,74.58751424153645,1516.922319612036,595.961127
814.5740251705445,292.53102620442706,273.591973259001,74.58715311686198,1517.0755232702468,596.06128
814.6856685561947,292.53102620442706,273.60220005302875,74.59939575195312,1517.1866897960012,596.161111
814.721880241621,292.5209554036458,273.6071888384794,74.61658986409505,1517.265462175689,596.261146
814.7626664423225,292.51759847005206,273.6055790638732,74.61840311686198,1517.3169748050857,596.361105
814.7825834983837,292.5209554036458,273.6279464108826,74.64144897460938,1517.3527816357578,596.461131
814.7465210073265,292.51759847005206,273.64791977802884,74.6691182454427,1517.374295721242,596.5611
814.64390978264,292.51088460286456,273.6483417256733,74.67711130777995,1517.3864799143391,596.66114
814.7472658570567,292.5142415364583,273.6715868174905,74.7012227376302,1517.3919032166818,596.761102
